{
  "type": "FeatureCollection",
  "features": [
    {
      "type": "Feature",
      "geometry": {
        "type": "Point",
        "coordinates": [
          -73.6753169,
          6.0131647
        ]
      },
      "properties": {
        "osm_id": 2337304675,
        "osm_type": "node",
        "name": "Tiendas D1",
        "brand": null,
        "operator": null,
        "addr_full": null,
        "addr_street": null,
        "addr_housenumber": null,
        "addr_city": "Vélez",
        "addr_state": null,
        "addr_postcode": null,
        "opening_hours": "Mo-Su 7:00-21:00",
        "phone": null,
        "website": "https://tiendasd1.com/"
      }
    },
    {
      "type": "Feature",
      "geometry": {
        "type": "Point",
        "coordinates": [
          -75.5658832,
          6.2273024
        ]
      },
      "properties": {
        "osm_id": 3181270556,
        "osm_type": "node",
        "name": "D1",
        "brand": "D1",
        "operator": "D1",
        "addr_full": null,
        "addr_street": "Vía Las Palmas Km 2",
        "addr_housenumber": null,
        "addr_city": "Medellín",
        "addr_state": null,
        "addr_postcode": null,
        "opening_hours": null,
        "phone": null,
        "website": null
      }
    },
    {
      "type": "Feature",
      "geometry": {
        "type": "Point",
        "coordinates": [
          -75.6720194,
          4.5376051
        ]
      },
      "properties": {
        "osm_id": 3277724598,
        "osm_type": "node",
        "name": "D1",
        "brand": "D1",
        "operator": null,
        "addr_full": null,
        "addr_street": null,
        "addr_housenumber": null,
        "addr_city": null,
        "addr_state": null,
        "addr_postcode": null,
        "opening_hours": null,
        "phone": null,
        "website": null
      }
    },
    {
      "type": "Feature",
      "geometry": {
        "type": "Point",
        "coordinates": [
          -75.7424329,
          4.7989414
        ]
      },
      "properties": {
        "osm_id": 3315519261,
        "osm_type": "node",
        "name": "D1",
        "brand": null,
        "operator": null,
        "addr_full": null,
        "addr_street": null,
        "addr_housenumber": null,
        "addr_city": null,
        "addr_state": null,
        "addr_postcode": null,
        "opening_hours": null,
        "phone": null,
        "website": null
      }
    },
    {
      "type": "Feature",
      "geometry": {
        "type": "Point",
        "coordinates": [
          -75.6954892,
          4.8130442
        ]
      },
      "properties": {
        "osm_id": 3348458309,
        "osm_type": "node",
        "name": "D1",
        "brand": "D1",
        "operator": null,
        "addr_full": null,
        "addr_street": "Carrera 9",
        "addr_housenumber": null,
        "addr_city": "Pereira",
        "addr_state": null,
        "addr_postcode": "660002",
        "opening_hours": "Mo-Su 08:00-21:00",
        "phone": null,
        "website": "http://tiendasd1.com"
      }
    },
    {
      "type": "Feature",
      "geometry": {
        "type": "Point",
        "coordinates": [
          -75.6636726,
          4.5542969
        ]
      },
      "properties": {
        "osm_id": 3406307355,
        "osm_type": "node",
        "name": "D1",
        "brand": "D1",
        "operator": null,
        "addr_full": null,
        "addr_street": null,
        "addr_housenumber": null,
        "addr_city": null,
        "addr_state": null,
        "addr_postcode": null,
        "opening_hours": null,
        "phone": null,
        "website": null
      }
    },
    {
      "type": "Feature",
      "geometry": {
        "type": "Point",
        "coordinates": [
          -74.0627137,
          4.655924
        ]
      },
      "properties": {
        "osm_id": 3669356890,
        "osm_type": "node",
        "name": "D1",
        "brand": "D1",
        "operator": null,
        "addr_full": null,
        "addr_street": null,
        "addr_housenumber": null,
        "addr_city": null,
        "addr_state": null,
        "addr_postcode": null,
        "opening_hours": null,
        "phone": null,
        "website": "https://d1.com.co/"
      }
    },
    {
      "type": "Feature",
      "geometry": {
        "type": "Point",
        "coordinates": [
          -75.6566292,
          4.5572902
        ]
      },
      "properties": {
        "osm_id": 3763117058,
        "osm_type": "node",
        "name": "D1",
        "brand": "D1",
        "operator": null,
        "addr_full": null,
        "addr_street": null,
        "addr_housenumber": null,
        "addr_city": null,
        "addr_state": null,
        "addr_postcode": null,
        "opening_hours": "Mo-Sa 08:00-21:00",
        "phone": null,
        "website": null
      }
    },
    {
      "type": "Feature",
      "geometry": {
        "type": "Point",
        "coordinates": [
          -75.6035507,
          6.2502427
        ]
      },
      "properties": {
        "osm_id": 3811561150,
        "osm_type": "node",
        "name": "D1",
        "brand": "D1",
        "operator": null,
        "addr_full": null,
        "addr_street": null,
        "addr_housenumber": null,
        "addr_city": null,
        "addr_state": null,
        "addr_postcode": null,
        "opening_hours": "PH,Mo-Su 08:00-21:00",
        "phone": null,
        "website": null
      }
    },
    {
      "type": "Feature",
      "geometry": {
        "type": "Point",
        "coordinates": [
          -74.060936,
          4.64867
        ]
      },
      "properties": {
        "osm_id": 4056667789,
        "osm_type": "node",
        "name": "D1",
        "brand": "D1",
        "operator": null,
        "addr_full": null,
        "addr_street": "Carrera 8",
        "addr_housenumber": null,
        "addr_city": null,
        "addr_state": null,
        "addr_postcode": null,
        "opening_hours": "Mo-Su 08:00-21:00",
        "phone": null,
        "website": "https://d1.com.co/"
      }
    },
    {
      "type": "Feature",
      "geometry": {
        "type": "Point",
        "coordinates": [
          -75.4886634,
          5.0534098
        ]
      },
      "properties": {
        "osm_id": 4099716954,
        "osm_type": "node",
        "name": "D1",
        "brand": null,
        "operator": null,
        "addr_full": null,
        "addr_street": null,
        "addr_housenumber": null,
        "addr_city": null,
        "addr_state": null,
        "addr_postcode": null,
        "opening_hours": null,
        "phone": null,
        "website": null
      }
    },
    {
      "type": "Feature",
      "geometry": {
        "type": "Point",
        "coordinates": [
          -75.4883307,
          5.0608513
        ]
      },
      "properties": {
        "osm_id": 4099716955,
        "osm_type": "node",
        "name": "D1",
        "brand": "D1",
        "operator": null,
        "addr_full": null,
        "addr_street": null,
        "addr_housenumber": null,
        "addr_city": null,
        "addr_state": null,
        "addr_postcode": null,
        "opening_hours": null,
        "phone": null,
        "website": null
      }
    },
    {
      "type": "Feature",
      "geometry": {
        "type": "Point",
        "coordinates": [
          -74.0591868,
          4.7498643
        ]
      },
      "properties": {
        "osm_id": 4139560682,
        "osm_type": "node",
        "name": "D1",
        "brand": "D1",
        "operator": null,
        "addr_full": null,
        "addr_street": null,
        "addr_housenumber": null,
        "addr_city": null,
        "addr_state": null,
        "addr_postcode": null,
        "opening_hours": null,
        "phone": null,
        "website": null
      }
    },
    {
      "type": "Feature",
      "geometry": {
        "type": "Point",
        "coordinates": [
          -75.7384092,
          4.9388769
        ]
      },
      "properties": {
        "osm_id": 4153630420,
        "osm_type": "node",
        "name": "D1",
        "brand": null,
        "operator": null,
        "addr_full": null,
        "addr_street": null,
        "addr_housenumber": null,
        "addr_city": null,
        "addr_state": null,
        "addr_postcode": null,
        "opening_hours": null,
        "phone": null,
        "website": null
      }
    },
    {
      "type": "Feature",
      "geometry": {
        "type": "Point",
        "coordinates": [
          -74.0427787,
          4.6979374
        ]
      },
      "properties": {
        "osm_id": 4180933094,
        "osm_type": "node",
        "name": "D1",
        "brand": "D1",
        "operator": null,
        "addr_full": null,
        "addr_street": null,
        "addr_housenumber": null,
        "addr_city": null,
        "addr_state": null,
        "addr_postcode": null,
        "opening_hours": null,
        "phone": null,
        "website": "https://d1.com.co/"
      }
    },
    {
      "type": "Feature",
      "geometry": {
        "type": "Point",
        "coordinates": [
          -74.0496642,
          4.6946408
        ]
      },
      "properties": {
        "osm_id": 4181177389,
        "osm_type": "node",
        "name": "D1",
        "brand": "D1",
        "operator": null,
        "addr_full": null,
        "addr_street": "Calle 109",
        "addr_housenumber": null,
        "addr_city": null,
        "addr_state": null,
        "addr_postcode": null,
        "opening_hours": null,
        "phone": null,
        "website": "https://d1.com.co/"
      }
    },
    {
      "type": "Feature",
      "geometry": {
        "type": "Point",
        "coordinates": [
          -74.1299325,
          4.6442149
        ]
      },
      "properties": {
        "osm_id": 4294498799,
        "osm_type": "node",
        "name": "D1",
        "brand": "D1",
        "operator": null,
        "addr_full": null,
        "addr_street": null,
        "addr_housenumber": null,
        "addr_city": null,
        "addr_state": null,
        "addr_postcode": null,
        "opening_hours": null,
        "phone": null,
        "website": "https://d1.com.co/"
      }
    },
    {
      "type": "Feature",
      "geometry": {
        "type": "Point",
        "coordinates": [
          -76.5303649,
          3.4655944
        ]
      },
      "properties": {
        "osm_id": 4301425546,
        "osm_type": "node",
        "name": "Tienda D1",
        "brand": null,
        "operator": null,
        "addr_full": null,
        "addr_street": "Avenida 6 Norte",
        "addr_housenumber": null,
        "addr_city": "Cali",
        "addr_state": null,
        "addr_postcode": null,
        "opening_hours": "Mo-Su 09:00-20:00",
        "phone": null,
        "website": null
      }
    },
    {
      "type": "Feature",
      "geometry": {
        "type": "Point",
        "coordinates": [
          -76.5276022,
          3.4608359
        ]
      },
      "properties": {
        "osm_id": 4301425548,
        "osm_type": "node",
        "name": "D1",
        "brand": null,
        "operator": null,
        "addr_full": null,
        "addr_street": null,
        "addr_housenumber": null,
        "addr_city": null,
        "addr_state": null,
        "addr_postcode": null,
        "opening_hours": null,
        "phone": null,
        "website": null
      }
    },
    {
      "type": "Feature",
      "geometry": {
        "type": "Point",
        "coordinates": [
          -75.5889166,
          6.2009656
        ]
      },
      "properties": {
        "osm_id": 4319808010,
        "osm_type": "node",
        "name": "D1 Guayabal",
        "brand": null,
        "operator": "D1",
        "addr_full": null,
        "addr_street": "Calle 9 Sur",
        "addr_housenumber": null,
        "addr_city": "Medellín",
        "addr_state": null,
        "addr_postcode": "050023",
        "opening_hours": "Mo-Fr 9:00-19:00; Sa-Su 10:00-18:00",
        "phone": null,
        "website": null
      }
    },
    {
      "type": "Feature",
      "geometry": {
        "type": "Point",
        "coordinates": [
          -75.7502752,
          4.5676637
        ]
      },
      "properties": {
        "osm_id": 4346644428,
        "osm_type": "node",
        "name": "Tienda D1",
        "brand": null,
        "operator": null,
        "addr_full": null,
        "addr_street": null,
        "addr_housenumber": null,
        "addr_city": null,
        "addr_state": null,
        "addr_postcode": null,
        "opening_hours": null,
        "phone": null,
        "website": null
      }
    },
    {
      "type": "Feature",
      "geometry": {
        "type": "Point",
        "coordinates": [
          -74.0580241,
          4.7433696
        ]
      },
      "properties": {
        "osm_id": 4356206867,
        "osm_type": "node",
        "name": "D1",
        "brand": null,
        "operator": null,
        "addr_full": null,
        "addr_street": null,
        "addr_housenumber": null,
        "addr_city": null,
        "addr_state": null,
        "addr_postcode": null,
        "opening_hours": null,
        "phone": null,
        "website": null
      }
    },
    {
      "type": "Feature",
      "geometry": {
        "type": "Point",
        "coordinates": [
          -74.0464015,
          4.7480258
        ]
      },
      "properties": {
        "osm_id": 4363723491,
        "osm_type": "node",
        "name": "D1",
        "brand": "D1",
        "operator": null,
        "addr_full": null,
        "addr_street": null,
        "addr_housenumber": null,
        "addr_city": null,
        "addr_state": null,
        "addr_postcode": null,
        "opening_hours": null,
        "phone": null,
        "website": "https://d1.com.co/"
      }
    },
    {
      "type": "Feature",
      "geometry": {
        "type": "Point",
        "coordinates": [
          -74.0730843,
          4.6336157
        ]
      },
      "properties": {
        "osm_id": 4497757195,
        "osm_type": "node",
        "name": "D1",
        "brand": "D1",
        "operator": null,
        "addr_full": null,
        "addr_street": null,
        "addr_housenumber": null,
        "addr_city": null,
        "addr_state": null,
        "addr_postcode": null,
        "opening_hours": null,
        "phone": null,
        "website": "https://d1.com.co/"
      }
    },
    {
      "type": "Feature",
      "geometry": {
        "type": "Point",
        "coordinates": [
          -73.3508385,
          5.5550536
        ]
      },
      "properties": {
        "osm_id": 4543690189,
        "osm_type": "node",
        "name": "D1",
        "brand": "D1",
        "operator": null,
        "addr_full": null,
        "addr_street": "Avenida Norte",
        "addr_housenumber": "47A-10",
        "addr_city": null,
        "addr_state": null,
        "addr_postcode": null,
        "opening_hours": null,
        "phone": null,
        "website": null
      }
    },
    {
      "type": "Feature",
      "geometry": {
        "type": "Point",
        "coordinates": [
          -76.4823058,
          3.0071491
        ]
      },
      "properties": {
        "osm_id": 4571192690,
        "osm_type": "node",
        "name": "Tiendas D1",
        "brand": null,
        "operator": null,
        "addr_full": null,
        "addr_street": null,
        "addr_housenumber": null,
        "addr_city": null,
        "addr_state": null,
        "addr_postcode": null,
        "opening_hours": "Mo-Su 07:00-20:00",
        "phone": null,
        "website": null
      }
    },
    {
      "type": "Feature",
      "geometry": {
        "type": "Point",
        "coordinates": [
          -74.0734081,
          4.7498498
        ]
      },
      "properties": {
        "osm_id": 4580151589,
        "osm_type": "node",
        "name": "D1",
        "brand": "D1",
        "operator": null,
        "addr_full": null,
        "addr_street": null,
        "addr_housenumber": null,
        "addr_city": null,
        "addr_state": null,
        "addr_postcode": null,
        "opening_hours": null,
        "phone": null,
        "website": "https://d1.com.co/"
      }
    },
    {
      "type": "Feature",
      "geometry": {
        "type": "Point",
        "coordinates": [
          -75.622271,
          6.163919
        ]
      },
      "properties": {
        "osm_id": 4596950198,
        "osm_type": "node",
        "name": "Tienda D1",
        "brand": null,
        "operator": null,
        "addr_full": null,
        "addr_street": null,
        "addr_housenumber": null,
        "addr_city": null,
        "addr_state": null,
        "addr_postcode": null,
        "opening_hours": null,
        "phone": null,
        "website": null
      }
    },
    {
      "type": "Feature",
      "geometry": {
        "type": "Point",
        "coordinates": [
          -75.5763717,
          6.210062
        ]
      },
      "properties": {
        "osm_id": 4624673789,
        "osm_type": "node",
        "name": "D1",
        "brand": null,
        "operator": null,
        "addr_full": null,
        "addr_street": null,
        "addr_housenumber": null,
        "addr_city": null,
        "addr_state": null,
        "addr_postcode": null,
        "opening_hours": "Mo-Su 08:00-21:00",
        "phone": null,
        "website": null
      }
    },
    {
      "type": "Feature",
      "geometry": {
        "type": "Point",
        "coordinates": [
          -75.6912532,
          4.7957236
        ]
      },
      "properties": {
        "osm_id": 4635874890,
        "osm_type": "node",
        "name": "D1",
        "brand": "D1",
        "operator": null,
        "addr_full": null,
        "addr_street": "Calle 12",
        "addr_housenumber": "17-116",
        "addr_city": null,
        "addr_state": null,
        "addr_postcode": null,
        "opening_hours": null,
        "phone": null,
        "website": null
      }
    },
    {
      "type": "Feature",
      "geometry": {
        "type": "Point",
        "coordinates": [
          -74.1022631,
          4.5946928
        ]
      },
      "properties": {
        "osm_id": 4636534723,
        "osm_type": "node",
        "name": "D1",
        "brand": "D1",
        "operator": null,
        "addr_full": null,
        "addr_street": null,
        "addr_housenumber": null,
        "addr_city": null,
        "addr_state": null,
        "addr_postcode": null,
        "opening_hours": null,
        "phone": null,
        "website": "https://d1.com.co/"
      }
    },
    {
      "type": "Feature",
      "geometry": {
        "type": "Point",
        "coordinates": [
          -75.3318002,
          6.4359577
        ]
      },
      "properties": {
        "osm_id": 4697614395,
        "osm_type": "node",
        "name": "Tienda D1",
        "brand": null,
        "operator": null,
        "addr_full": null,
        "addr_street": null,
        "addr_housenumber": null,
        "addr_city": null,
        "addr_state": null,
        "addr_postcode": null,
        "opening_hours": null,
        "phone": null,
        "website": null
      }
    },
    {
      "type": "Feature",
      "geometry": {
        "type": "Point",
        "coordinates": [
          -75.3343609,
          6.1735086
        ]
      },
      "properties": {
        "osm_id": 4722369489,
        "osm_type": "node",
        "name": "D1",
        "brand": "D1",
        "operator": null,
        "addr_full": null,
        "addr_street": null,
        "addr_housenumber": null,
        "addr_city": null,
        "addr_state": null,
        "addr_postcode": null,
        "opening_hours": null,
        "phone": null,
        "website": null
      }
    },
    {
      "type": "Feature",
      "geometry": {
        "type": "Point",
        "coordinates": [
          -75.3394672,
          6.1747094
        ]
      },
      "properties": {
        "osm_id": 4723462890,
        "osm_type": "node",
        "name": "D1",
        "brand": "D1",
        "operator": null,
        "addr_full": null,
        "addr_street": null,
        "addr_housenumber": null,
        "addr_city": null,
        "addr_state": null,
        "addr_postcode": null,
        "opening_hours": null,
        "phone": null,
        "website": null
      }
    },
    {
      "type": "Feature",
      "geometry": {
        "type": "Point",
        "coordinates": [
          -75.3444386,
          6.1766121
        ]
      },
      "properties": {
        "osm_id": 4725214292,
        "osm_type": "node",
        "name": "D1",
        "brand": "D1",
        "operator": null,
        "addr_full": null,
        "addr_street": null,
        "addr_housenumber": null,
        "addr_city": null,
        "addr_state": null,
        "addr_postcode": null,
        "opening_hours": null,
        "phone": null,
        "website": null
      }
    },
    {
      "type": "Feature",
      "geometry": {
        "type": "Point",
        "coordinates": [
          -75.3795787,
          6.1307776
        ]
      },
      "properties": {
        "osm_id": 4727005889,
        "osm_type": "node",
        "name": "D1",
        "brand": null,
        "operator": null,
        "addr_full": null,
        "addr_street": null,
        "addr_housenumber": null,
        "addr_city": null,
        "addr_state": null,
        "addr_postcode": null,
        "opening_hours": null,
        "phone": null,
        "website": null
      }
    },
    {
      "type": "Feature",
      "geometry": {
        "type": "Point",
        "coordinates": [
          -76.0360276,
          4.5238198
        ]
      },
      "properties": {
        "osm_id": 4782017748,
        "osm_type": "node",
        "name": "Tiendas D1",
        "brand": null,
        "operator": null,
        "addr_full": null,
        "addr_street": null,
        "addr_housenumber": null,
        "addr_city": null,
        "addr_state": null,
        "addr_postcode": null,
        "opening_hours": null,
        "phone": null,
        "website": null
      }
    },
    {
      "type": "Feature",
      "geometry": {
        "type": "Point",
        "coordinates": [
          -75.4611664,
          6.6442238
        ]
      },
      "properties": {
        "osm_id": 4785320141,
        "osm_type": "node",
        "name": "D1",
        "brand": "D1",
        "operator": null,
        "addr_full": null,
        "addr_street": null,
        "addr_housenumber": null,
        "addr_city": null,
        "addr_state": null,
        "addr_postcode": null,
        "opening_hours": null,
        "phone": null,
        "website": null
      }
    },
    {
      "type": "Feature",
      "geometry": {
        "type": "Point",
        "coordinates": [
          -75.9340334,
          4.2635972
        ]
      },
      "properties": {
        "osm_id": 4790681622,
        "osm_type": "node",
        "name": "D1",
        "brand": "D1",
        "operator": null,
        "addr_full": null,
        "addr_street": "Carrera 50",
        "addr_housenumber": "49 34",
        "addr_city": null,
        "addr_state": null,
        "addr_postcode": null,
        "opening_hours": "Mo-Su 08:00-21:00",
        "phone": null,
        "website": "http://www.tiendasd1.com"
      }
    },
    {
      "type": "Feature",
      "geometry": {
        "type": "Point",
        "coordinates": [
          -75.6871982,
          4.7642725
        ]
      },
      "properties": {
        "osm_id": 4795577625,
        "osm_type": "node",
        "name": "D1",
        "brand": "D1",
        "operator": "Tiendas D1",
        "addr_full": null,
        "addr_street": "Variante Condina",
        "addr_housenumber": null,
        "addr_city": null,
        "addr_state": null,
        "addr_postcode": null,
        "opening_hours": "Mo-Sa 08:00-20:00",
        "phone": null,
        "website": "http://www.tiendssd1.com"
      }
    },
    {
      "type": "Feature",
      "geometry": {
        "type": "Point",
        "coordinates": [
          -74.1347223,
          4.6753736
        ]
      },
      "properties": {
        "osm_id": 4814727521,
        "osm_type": "node",
        "name": "D1",
        "brand": "D1",
        "operator": null,
        "addr_full": null,
        "addr_street": null,
        "addr_housenumber": null,
        "addr_city": null,
        "addr_state": null,
        "addr_postcode": null,
        "opening_hours": null,
        "phone": null,
        "website": "https://d1.com.co/"
      }
    },
    {
      "type": "Feature",
      "geometry": {
        "type": "Point",
        "coordinates": [
          -74.0976543,
          4.5714663
        ]
      },
      "properties": {
        "osm_id": 4827054332,
        "osm_type": "node",
        "name": "D1",
        "brand": "D1",
        "operator": null,
        "addr_full": null,
        "addr_street": null,
        "addr_housenumber": null,
        "addr_city": null,
        "addr_state": null,
        "addr_postcode": null,
        "opening_hours": null,
        "phone": null,
        "website": "https://d1.com.co/"
      }
    },
    {
      "type": "Feature",
      "geometry": {
        "type": "Point",
        "coordinates": [
          -74.0918755,
          4.7518978
        ]
      },
      "properties": {
        "osm_id": 4840617199,
        "osm_type": "node",
        "name": null,
        "brand": null,
        "operator": "D1",
        "addr_full": null,
        "addr_street": null,
        "addr_housenumber": null,
        "addr_city": null,
        "addr_state": null,
        "addr_postcode": null,
        "opening_hours": null,
        "phone": null,
        "website": null
      }
    },
    {
      "type": "Feature",
      "geometry": {
        "type": "Point",
        "coordinates": [
          -74.0835961,
          4.6178419
        ]
      },
      "properties": {
        "osm_id": 4888197434,
        "osm_type": "node",
        "name": "D1",
        "brand": "D1",
        "operator": null,
        "addr_full": null,
        "addr_street": null,
        "addr_housenumber": null,
        "addr_city": null,
        "addr_state": null,
        "addr_postcode": null,
        "opening_hours": null,
        "phone": null,
        "website": "https://d1.com.co/"
      }
    },
    {
      "type": "Feature",
      "geometry": {
        "type": "Point",
        "coordinates": [
          -76.5370156,
          3.4519649
        ]
      },
      "properties": {
        "osm_id": 4889877321,
        "osm_type": "node",
        "name": "D1",
        "brand": null,
        "operator": null,
        "addr_full": null,
        "addr_street": null,
        "addr_housenumber": null,
        "addr_city": null,
        "addr_state": null,
        "addr_postcode": null,
        "opening_hours": null,
        "phone": null,
        "website": null
      }
    },
    {
      "type": "Feature",
      "geometry": {
        "type": "Point",
        "coordinates": [
          -76.2866509,
          4.154936
        ]
      },
      "properties": {
        "osm_id": 4936329521,
        "osm_type": "node",
        "name": "D1",
        "brand": null,
        "operator": null,
        "addr_full": null,
        "addr_street": null,
        "addr_housenumber": null,
        "addr_city": null,
        "addr_state": null,
        "addr_postcode": null,
        "opening_hours": null,
        "phone": null,
        "website": null
      }
    },
    {
      "type": "Feature",
      "geometry": {
        "type": "Point",
        "coordinates": [
          -75.596644,
          6.2642098
        ]
      },
      "properties": {
        "osm_id": 4951675833,
        "osm_type": "node",
        "name": "D1",
        "brand": null,
        "operator": null,
        "addr_full": null,
        "addr_street": null,
        "addr_housenumber": null,
        "addr_city": null,
        "addr_state": null,
        "addr_postcode": null,
        "opening_hours": null,
        "phone": null,
        "website": null
      }
    },
    {
      "type": "Feature",
      "geometry": {
        "type": "Point",
        "coordinates": [
          -75.5802303,
          6.2216938
        ]
      },
      "properties": {
        "osm_id": 4969112421,
        "osm_type": "node",
        "name": "D1",
        "brand": null,
        "operator": null,
        "addr_full": null,
        "addr_street": null,
        "addr_housenumber": null,
        "addr_city": null,
        "addr_state": null,
        "addr_postcode": null,
        "opening_hours": null,
        "phone": null,
        "website": null
      }
    },
    {
      "type": "Feature",
      "geometry": {
        "type": "Point",
        "coordinates": [
          -74.0502275,
          4.7045652
        ]
      },
      "properties": {
        "osm_id": 5072217965,
        "osm_type": "node",
        "name": "D1",
        "brand": "D1",
        "operator": null,
        "addr_full": null,
        "addr_street": null,
        "addr_housenumber": null,
        "addr_city": null,
        "addr_state": null,
        "addr_postcode": null,
        "opening_hours": null,
        "phone": null,
        "website": "https://d1.com.co/"
      }
    },
    {
      "type": "Feature",
      "geometry": {
        "type": "Point",
        "coordinates": [
          -73.3599185,
          5.5455184
        ]
      },
      "properties": {
        "osm_id": 5090246221,
        "osm_type": "node",
        "name": "D1",
        "brand": null,
        "operator": null,
        "addr_full": null,
        "addr_street": null,
        "addr_housenumber": null,
        "addr_city": null,
        "addr_state": null,
        "addr_postcode": null,
        "opening_hours": null,
        "phone": null,
        "website": null
      }
    },
    {
      "type": "Feature",
      "geometry": {
        "type": "Point",
        "coordinates": [
          -74.022263,
          4.7366502
        ]
      },
      "properties": {
        "osm_id": 5127009669,
        "osm_type": "node",
        "name": "D1",
        "brand": "D1",
        "operator": null,
        "addr_full": null,
        "addr_street": "Calle 161",
        "addr_housenumber": null,
        "addr_city": null,
        "addr_state": null,
        "addr_postcode": null,
        "opening_hours": null,
        "phone": null,
        "website": null
      }
    },
    {
      "type": "Feature",
      "geometry": {
        "type": "Point",
        "coordinates": [
          -74.0259275,
          4.7379029
        ]
      },
      "properties": {
        "osm_id": 5131767305,
        "osm_type": "node",
        "name": "D1",
        "brand": "D1",
        "operator": null,
        "addr_full": null,
        "addr_street": "Calle 162",
        "addr_housenumber": null,
        "addr_city": null,
        "addr_state": null,
        "addr_postcode": null,
        "opening_hours": null,
        "phone": null,
        "website": "https://d1.com.co/"
      }
    },
    {
      "type": "Feature",
      "geometry": {
        "type": "Point",
        "coordinates": [
          -74.0410362,
          4.74012
        ]
      },
      "properties": {
        "osm_id": 5131867211,
        "osm_type": "node",
        "name": "D1",
        "brand": "D1",
        "operator": null,
        "addr_full": null,
        "addr_street": "Avenida Calle 161",
        "addr_housenumber": null,
        "addr_city": null,
        "addr_state": null,
        "addr_postcode": null,
        "opening_hours": null,
        "phone": null,
        "website": "https://d1.com.co/"
      }
    },
    {
      "type": "Feature",
      "geometry": {
        "type": "Point",
        "coordinates": [
          -74.0634152,
          4.6367404
        ]
      },
      "properties": {
        "osm_id": 5133786379,
        "osm_type": "node",
        "name": "D1",
        "brand": "D1",
        "operator": null,
        "addr_full": null,
        "addr_street": "Avenida Carrera 7",
        "addr_housenumber": null,
        "addr_city": null,
        "addr_state": null,
        "addr_postcode": null,
        "opening_hours": "Mo-Su 08:00-21:00; PH 08:00-20:00",
        "phone": null,
        "website": "https://d1.com.co/"
      }
    },
    {
      "type": "Feature",
      "geometry": {
        "type": "Point",
        "coordinates": [
          -74.0982432,
          4.6746908
        ]
      },
      "properties": {
        "osm_id": 5148182851,
        "osm_type": "node",
        "name": "D1",
        "brand": "D1",
        "operator": null,
        "addr_full": null,
        "addr_street": "Avenida Carrera 70",
        "addr_housenumber": null,
        "addr_city": null,
        "addr_state": null,
        "addr_postcode": null,
        "opening_hours": null,
        "phone": null,
        "website": "https://d1.com.co/"
      }
    },
    {
      "type": "Feature",
      "geometry": {
        "type": "Point",
        "coordinates": [
          -74.0522206,
          4.7239459
        ]
      },
      "properties": {
        "osm_id": 5159761195,
        "osm_type": "node",
        "name": "D1",
        "brand": "D1",
        "operator": null,
        "addr_full": null,
        "addr_street": "Calle 138",
        "addr_housenumber": null,
        "addr_city": null,
        "addr_state": null,
        "addr_postcode": null,
        "opening_hours": null,
        "phone": null,
        "website": "https://d1.com.co/"
      }
    },
    {
      "type": "Feature",
      "geometry": {
        "type": "Point",
        "coordinates": [
          -74.0661825,
          4.6776007
        ]
      },
      "properties": {
        "osm_id": 5159860628,
        "osm_type": "node",
        "name": "D1",
        "brand": "D1",
        "operator": null,
        "addr_full": null,
        "addr_street": "Avenida Carrera 50",
        "addr_housenumber": null,
        "addr_city": null,
        "addr_state": null,
        "addr_postcode": null,
        "opening_hours": null,
        "phone": null,
        "website": "https://d1.com.co/"
      }
    },
    {
      "type": "Feature",
      "geometry": {
        "type": "Point",
        "coordinates": [
          -74.2262303,
          4.7124043
        ]
      },
      "properties": {
        "osm_id": 5171852808,
        "osm_type": "node",
        "name": "D1",
        "brand": "D1",
        "operator": null,
        "addr_full": null,
        "addr_street": "Calle 10",
        "addr_housenumber": null,
        "addr_city": null,
        "addr_state": null,
        "addr_postcode": null,
        "opening_hours": "Mo-Su 08:00-21:00",
        "phone": null,
        "website": null
      }
    },
    {
      "type": "Feature",
      "geometry": {
        "type": "Point",
        "coordinates": [
          -74.0759104,
          4.6401253
        ]
      },
      "properties": {
        "osm_id": 5178411724,
        "osm_type": "node",
        "name": "D1",
        "brand": "D1",
        "operator": null,
        "addr_full": null,
        "addr_street": "Calle 51",
        "addr_housenumber": null,
        "addr_city": null,
        "addr_state": null,
        "addr_postcode": null,
        "opening_hours": null,
        "phone": null,
        "website": "https://d1.com.co/"
      }
    },
    {
      "type": "Feature",
      "geometry": {
        "type": "Point",
        "coordinates": [
          -74.0816007,
          4.6054882
        ]
      },
      "properties": {
        "osm_id": 5209139586,
        "osm_type": "node",
        "name": "D1",
        "brand": "D1",
        "operator": null,
        "addr_full": null,
        "addr_street": "Avenida Calle 13",
        "addr_housenumber": null,
        "addr_city": null,
        "addr_state": null,
        "addr_postcode": null,
        "opening_hours": null,
        "phone": null,
        "website": "https://d1.com.co/"
      }
    },
    {
      "type": "Feature",
      "geometry": {
        "type": "Point",
        "coordinates": [
          -74.1081831,
          4.5903319
        ]
      },
      "properties": {
        "osm_id": 5209154463,
        "osm_type": "node",
        "name": "D1",
        "brand": "D1",
        "operator": null,
        "addr_full": null,
        "addr_street": "Avenida Carrera 27",
        "addr_housenumber": null,
        "addr_city": null,
        "addr_state": null,
        "addr_postcode": null,
        "opening_hours": null,
        "phone": null,
        "website": "https://d1.com.co/"
      }
    },
    {
      "type": "Feature",
      "geometry": {
        "type": "Point",
        "coordinates": [
          -74.0727489,
          4.6108987
        ]
      },
      "properties": {
        "osm_id": 5214856563,
        "osm_type": "node",
        "name": "D1",
        "brand": "D1",
        "operator": null,
        "addr_full": null,
        "addr_street": "Avenida Carrera 13",
        "addr_housenumber": null,
        "addr_city": null,
        "addr_state": null,
        "addr_postcode": null,
        "opening_hours": null,
        "phone": null,
        "website": "https://d1.com.co/"
      }
    },
    {
      "type": "Feature",
      "geometry": {
        "type": "Point",
        "coordinates": [
          -74.0659549,
          4.6500185
        ]
      },
      "properties": {
        "osm_id": 5230915284,
        "osm_type": "node",
        "name": "D1",
        "brand": "D1",
        "operator": null,
        "addr_full": null,
        "addr_street": "Avenida Calle 63",
        "addr_housenumber": "15-18",
        "addr_city": null,
        "addr_state": null,
        "addr_postcode": null,
        "opening_hours": null,
        "phone": null,
        "website": "https://d1.com.co/"
      }
    },
    {
      "type": "Feature",
      "geometry": {
        "type": "Point",
        "coordinates": [
          -74.1549825,
          4.6372925
        ]
      },
      "properties": {
        "osm_id": 5250722027,
        "osm_type": "node",
        "name": "D1",
        "brand": "D1",
        "operator": null,
        "addr_full": null,
        "addr_street": "TransMilenio",
        "addr_housenumber": null,
        "addr_city": null,
        "addr_state": null,
        "addr_postcode": null,
        "opening_hours": null,
        "phone": null,
        "website": "https://d1.com.co/"
      }
    },
    {
      "type": "Feature",
      "geometry": {
        "type": "Point",
        "coordinates": [
          -74.1350065,
          4.6120424
        ]
      },
      "properties": {
        "osm_id": 5252831548,
        "osm_type": "node",
        "name": "D1",
        "brand": "D1",
        "operator": null,
        "addr_full": null,
        "addr_street": "Carrera 69",
        "addr_housenumber": null,
        "addr_city": null,
        "addr_state": null,
        "addr_postcode": null,
        "opening_hours": null,
        "phone": null,
        "website": "https://d1.com.co/"
      }
    },
    {
      "type": "Feature",
      "geometry": {
        "type": "Point",
        "coordinates": [
          -76.4906604,
          3.4847516
        ]
      },
      "properties": {
        "osm_id": 5273979922,
        "osm_type": "node",
        "name": "D1",
        "brand": null,
        "operator": null,
        "addr_full": null,
        "addr_street": null,
        "addr_housenumber": null,
        "addr_city": null,
        "addr_state": null,
        "addr_postcode": null,
        "opening_hours": null,
        "phone": null,
        "website": null
      }
    },
    {
      "type": "Feature",
      "geometry": {
        "type": "Point",
        "coordinates": [
          -76.5376569,
          3.2661487
        ]
      },
      "properties": {
        "osm_id": 5316723648,
        "osm_type": "node",
        "name": "D1",
        "brand": null,
        "operator": null,
        "addr_full": null,
        "addr_street": null,
        "addr_housenumber": null,
        "addr_city": null,
        "addr_state": null,
        "addr_postcode": null,
        "opening_hours": null,
        "phone": null,
        "website": null
      }
    },
    {
      "type": "Feature",
      "geometry": {
        "type": "Point",
        "coordinates": [
          -76.5254707,
          3.3830247
        ]
      },
      "properties": {
        "osm_id": 5316724408,
        "osm_type": "node",
        "name": "Tiendas D1 El Ingenio",
        "brand": "D1",
        "operator": null,
        "addr_full": null,
        "addr_street": null,
        "addr_housenumber": null,
        "addr_city": null,
        "addr_state": null,
        "addr_postcode": null,
        "opening_hours": "08:00-21:00",
        "phone": "+57 322 6041648",
        "website": "https://d1.com.co"
      }
    },
    {
      "type": "Feature",
      "geometry": {
        "type": "Point",
        "coordinates": [
          -76.4977687,
          3.4315841
        ]
      },
      "properties": {
        "osm_id": 5316726750,
        "osm_type": "node",
        "name": "D1",
        "brand": null,
        "operator": null,
        "addr_full": null,
        "addr_street": null,
        "addr_housenumber": null,
        "addr_city": null,
        "addr_state": null,
        "addr_postcode": null,
        "opening_hours": null,
        "phone": null,
        "website": null
      }
    },
    {
      "type": "Feature",
      "geometry": {
        "type": "Point",
        "coordinates": [
          -74.1136304,
          4.7406379
        ]
      },
      "properties": {
        "osm_id": 5322718974,
        "osm_type": "node",
        "name": "D1",
        "brand": "D1",
        "operator": null,
        "addr_full": null,
        "addr_street": null,
        "addr_housenumber": null,
        "addr_city": null,
        "addr_state": null,
        "addr_postcode": null,
        "opening_hours": "Mo-Su 09:00-21:00",
        "phone": null,
        "website": "https://d1.com.co/"
      }
    },
    {
      "type": "Feature",
      "geometry": {
        "type": "Point",
        "coordinates": [
          -76.5998311,
          2.4537157
        ]
      },
      "properties": {
        "osm_id": 5349612723,
        "osm_type": "node",
        "name": "D1",
        "brand": "D1",
        "operator": null,
        "addr_full": null,
        "addr_street": null,
        "addr_housenumber": null,
        "addr_city": null,
        "addr_state": null,
        "addr_postcode": null,
        "opening_hours": null,
        "phone": null,
        "website": null
      }
    },
    {
      "type": "Feature",
      "geometry": {
        "type": "Point",
        "coordinates": [
          -75.2387369,
          6.2165131
        ]
      },
      "properties": {
        "osm_id": 5364519805,
        "osm_type": "node",
        "name": "D1",
        "brand": "D1",
        "operator": null,
        "addr_full": null,
        "addr_street": null,
        "addr_housenumber": null,
        "addr_city": null,
        "addr_state": null,
        "addr_postcode": null,
        "opening_hours": null,
        "phone": null,
        "website": null
      }
    },
    {
      "type": "Feature",
      "geometry": {
        "type": "Point",
        "coordinates": [
          -75.6823078,
          4.8289654
        ]
      },
      "properties": {
        "osm_id": 5372965320,
        "osm_type": "node",
        "name": "D1",
        "brand": null,
        "operator": null,
        "addr_full": null,
        "addr_street": null,
        "addr_housenumber": null,
        "addr_city": null,
        "addr_state": null,
        "addr_postcode": null,
        "opening_hours": null,
        "phone": null,
        "website": null
      }
    },
    {
      "type": "Feature",
      "geometry": {
        "type": "Point",
        "coordinates": [
          -74.063973,
          4.7412889
        ]
      },
      "properties": {
        "osm_id": 5421594127,
        "osm_type": "node",
        "name": "D1",
        "brand": "D1",
        "operator": null,
        "addr_full": null,
        "addr_street": null,
        "addr_housenumber": null,
        "addr_city": null,
        "addr_state": null,
        "addr_postcode": null,
        "opening_hours": null,
        "phone": null,
        "website": "https://d1.com.co/"
      }
    },
    {
      "type": "Feature",
      "geometry": {
        "type": "Point",
        "coordinates": [
          -74.2058767,
          4.6111439
        ]
      },
      "properties": {
        "osm_id": 5438366873,
        "osm_type": "node",
        "name": "D1",
        "brand": "D1",
        "operator": "Tiendas D1",
        "addr_full": null,
        "addr_street": null,
        "addr_housenumber": null,
        "addr_city": null,
        "addr_state": null,
        "addr_postcode": null,
        "opening_hours": null,
        "phone": null,
        "website": "https://d1.com.co/"
      }
    },
    {
      "type": "Feature",
      "geometry": {
        "type": "Point",
        "coordinates": [
          -76.538874,
          3.433526
        ]
      },
      "properties": {
        "osm_id": 5451269821,
        "osm_type": "node",
        "name": "D1",
        "brand": null,
        "operator": null,
        "addr_full": null,
        "addr_street": null,
        "addr_housenumber": null,
        "addr_city": null,
        "addr_state": null,
        "addr_postcode": null,
        "opening_hours": null,
        "phone": null,
        "website": null
      }
    },
    {
      "type": "Feature",
      "geometry": {
        "type": "Point",
        "coordinates": [
          -75.7424307,
          6.5011803
        ]
      },
      "properties": {
        "osm_id": 5460739222,
        "osm_type": "node",
        "name": "D1",
        "brand": null,
        "operator": null,
        "addr_full": null,
        "addr_street": null,
        "addr_housenumber": null,
        "addr_city": null,
        "addr_state": null,
        "addr_postcode": null,
        "opening_hours": "Mo-Su 08:00-21:00",
        "phone": null,
        "website": null
      }
    },
    {
      "type": "Feature",
      "geometry": {
        "type": "Point",
        "coordinates": [
          -73.132314,
          6.5526621
        ]
      },
      "properties": {
        "osm_id": 5481518021,
        "osm_type": "node",
        "name": "Tienda D1",
        "brand": "D1",
        "operator": null,
        "addr_full": null,
        "addr_street": "Carrera 11",
        "addr_housenumber": null,
        "addr_city": null,
        "addr_state": null,
        "addr_postcode": null,
        "opening_hours": "Mo-Su 07:00-21:00",
        "phone": null,
        "website": null
      }
    },
    {
      "type": "Feature",
      "geometry": {
        "type": "Point",
        "coordinates": [
          -74.0477903,
          4.6874523
        ]
      },
      "properties": {
        "osm_id": 5483005024,
        "osm_type": "node",
        "name": "D1",
        "brand": "D1",
        "operator": null,
        "addr_full": null,
        "addr_street": null,
        "addr_housenumber": null,
        "addr_city": null,
        "addr_state": null,
        "addr_postcode": null,
        "opening_hours": null,
        "phone": null,
        "website": "https://d1.com.co/"
      }
    },
    {
      "type": "Feature",
      "geometry": {
        "type": "Point",
        "coordinates": [
          -74.1147126,
          4.7239356
        ]
      },
      "properties": {
        "osm_id": 5495009768,
        "osm_type": "node",
        "name": "D1",
        "brand": "D1",
        "operator": null,
        "addr_full": null,
        "addr_street": null,
        "addr_housenumber": null,
        "addr_city": null,
        "addr_state": null,
        "addr_postcode": null,
        "opening_hours": null,
        "phone": null,
        "website": "https://d1.com.co/"
      }
    },
    {
      "type": "Feature",
      "geometry": {
        "type": "Point",
        "coordinates": [
          -76.1572811,
          4.2096299
        ]
      },
      "properties": {
        "osm_id": 5532400204,
        "osm_type": "node",
        "name": "Tiendas D1",
        "brand": null,
        "operator": null,
        "addr_full": null,
        "addr_street": null,
        "addr_housenumber": null,
        "addr_city": null,
        "addr_state": null,
        "addr_postcode": null,
        "opening_hours": null,
        "phone": null,
        "website": null
      }
    },
    {
      "type": "Feature",
      "geometry": {
        "type": "Point",
        "coordinates": [
          -74.0770777,
          4.622159
        ]
      },
      "properties": {
        "osm_id": 5540623479,
        "osm_type": "node",
        "name": "D1",
        "brand": "D1",
        "operator": "Tiendas D1",
        "addr_full": null,
        "addr_street": null,
        "addr_housenumber": null,
        "addr_city": null,
        "addr_state": null,
        "addr_postcode": null,
        "opening_hours": null,
        "phone": null,
        "website": "https://d1.com.co/"
      }
    },
    {
      "type": "Feature",
      "geometry": {
        "type": "Point",
        "coordinates": [
          -75.4429223,
          6.1793008
        ]
      },
      "properties": {
        "osm_id": 5548721140,
        "osm_type": "node",
        "name": "D1",
        "brand": null,
        "operator": null,
        "addr_full": null,
        "addr_street": null,
        "addr_housenumber": null,
        "addr_city": null,
        "addr_state": null,
        "addr_postcode": null,
        "opening_hours": null,
        "phone": null,
        "website": null
      }
    },
    {
      "type": "Feature",
      "geometry": {
        "type": "Point",
        "coordinates": [
          -75.4902527,
          6.1712576
        ]
      },
      "properties": {
        "osm_id": 5548721288,
        "osm_type": "node",
        "name": "D1",
        "brand": null,
        "operator": null,
        "addr_full": null,
        "addr_street": null,
        "addr_housenumber": null,
        "addr_city": null,
        "addr_state": null,
        "addr_postcode": null,
        "opening_hours": null,
        "phone": null,
        "website": null
      }
    },
    {
      "type": "Feature",
      "geometry": {
        "type": "Point",
        "coordinates": [
          -74.1309764,
          4.6546155
        ]
      },
      "properties": {
        "osm_id": 5790740877,
        "osm_type": "node",
        "name": "D1",
        "brand": "D1",
        "operator": null,
        "addr_full": null,
        "addr_street": null,
        "addr_housenumber": null,
        "addr_city": null,
        "addr_state": null,
        "addr_postcode": null,
        "opening_hours": null,
        "phone": null,
        "website": "https://d1.com.co/"
      }
    },
    {
      "type": "Feature",
      "geometry": {
        "type": "Point",
        "coordinates": [
          -74.8032156,
          4.3038204
        ]
      },
      "properties": {
        "osm_id": 5837992255,
        "osm_type": "node",
        "name": "D1",
        "brand": null,
        "operator": null,
        "addr_full": null,
        "addr_street": "Carrera 10",
        "addr_housenumber": null,
        "addr_city": "Girardot",
        "addr_state": null,
        "addr_postcode": null,
        "opening_hours": null,
        "phone": null,
        "website": null
      }
    },
    {
      "type": "Feature",
      "geometry": {
        "type": "Point",
        "coordinates": [
          -72.9403224,
          5.7689806
        ]
      },
      "properties": {
        "osm_id": 5838963427,
        "osm_type": "node",
        "name": "D1",
        "brand": null,
        "operator": null,
        "addr_full": null,
        "addr_street": null,
        "addr_housenumber": null,
        "addr_city": null,
        "addr_state": null,
        "addr_postcode": null,
        "opening_hours": null,
        "phone": null,
        "website": null
      }
    },
    {
      "type": "Feature",
      "geometry": {
        "type": "Point",
        "coordinates": [
          -75.4025348,
          6.133089
        ]
      },
      "properties": {
        "osm_id": 5846107546,
        "osm_type": "node",
        "name": "D1",
        "brand": null,
        "operator": null,
        "addr_full": null,
        "addr_street": null,
        "addr_housenumber": null,
        "addr_city": null,
        "addr_state": null,
        "addr_postcode": null,
        "opening_hours": null,
        "phone": null,
        "website": null
      }
    },
    {
      "type": "Feature",
      "geometry": {
        "type": "Point",
        "coordinates": [
          -76.4727314,
          3.4526096
        ]
      },
      "properties": {
        "osm_id": 5897227290,
        "osm_type": "node",
        "name": "Tienda D1",
        "brand": null,
        "operator": null,
        "addr_full": null,
        "addr_street": "Carrera 7 u",
        "addr_housenumber": null,
        "addr_city": null,
        "addr_state": null,
        "addr_postcode": null,
        "opening_hours": "Mo-Su 08:00-21:20",
        "phone": null,
        "website": null
      }
    },
    {
      "type": "Feature",
      "geometry": {
        "type": "Point",
        "coordinates": [
          -73.3596146,
          5.5503472
        ]
      },
      "properties": {
        "osm_id": 5902125964,
        "osm_type": "node",
        "name": "D1",
        "brand": null,
        "operator": "De1 de todos",
        "addr_full": null,
        "addr_street": null,
        "addr_housenumber": null,
        "addr_city": null,
        "addr_state": null,
        "addr_postcode": null,
        "opening_hours": "Mo-Su,PH 08:00-19:30",
        "phone": null,
        "website": null
      }
    },
    {
      "type": "Feature",
      "geometry": {
        "type": "Point",
        "coordinates": [
          -74.1486877,
          4.6327663
        ]
      },
      "properties": {
        "osm_id": 5906469740,
        "osm_type": "node",
        "name": "D1",
        "brand": "D1",
        "operator": null,
        "addr_full": null,
        "addr_street": null,
        "addr_housenumber": null,
        "addr_city": null,
        "addr_state": null,
        "addr_postcode": null,
        "opening_hours": null,
        "phone": null,
        "website": null
      }
    },
    {
      "type": "Feature",
      "geometry": {
        "type": "Point",
        "coordinates": [
          -75.6447998,
          4.5750942
        ]
      },
      "properties": {
        "osm_id": 5906804085,
        "osm_type": "node",
        "name": "D1",
        "brand": "D1",
        "operator": null,
        "addr_full": null,
        "addr_street": null,
        "addr_housenumber": null,
        "addr_city": null,
        "addr_state": null,
        "addr_postcode": null,
        "opening_hours": null,
        "phone": null,
        "website": null
      }
    },
    {
      "type": "Feature",
      "geometry": {
        "type": "Point",
        "coordinates": [
          -75.5861093,
          6.2412685
        ]
      },
      "properties": {
        "osm_id": 5924065386,
        "osm_type": "node",
        "name": "D1",
        "brand": "D1",
        "operator": null,
        "addr_full": null,
        "addr_street": null,
        "addr_housenumber": null,
        "addr_city": null,
        "addr_state": null,
        "addr_postcode": null,
        "opening_hours": null,
        "phone": null,
        "website": null
      }
    },
    {
      "type": "Feature",
      "geometry": {
        "type": "Point",
        "coordinates": [
          -76.5488063,
          3.4090124
        ]
      },
      "properties": {
        "osm_id": 5966993988,
        "osm_type": "node",
        "name": null,
        "brand": null,
        "operator": "Tiendas D1",
        "addr_full": null,
        "addr_street": null,
        "addr_housenumber": null,
        "addr_city": null,
        "addr_state": null,
        "addr_postcode": null,
        "opening_hours": null,
        "phone": null,
        "website": null
      }
    },
    {
      "type": "Feature",
      "geometry": {
        "type": "Point",
        "coordinates": [
          -75.6203984,
          4.8669662
        ]
      },
      "properties": {
        "osm_id": 5984184785,
        "osm_type": "node",
        "name": "Tienda D1",
        "brand": null,
        "operator": null,
        "addr_full": null,
        "addr_street": null,
        "addr_housenumber": null,
        "addr_city": null,
        "addr_state": null,
        "addr_postcode": null,
        "opening_hours": null,
        "phone": null,
        "website": null
      }
    },
    {
      "type": "Feature",
      "geometry": {
        "type": "Point",
        "coordinates": [
          -74.0737462,
          4.6241995
        ]
      },
      "properties": {
        "osm_id": 6026292538,
        "osm_type": "node",
        "name": "D1",
        "brand": "D1",
        "operator": "Tiendas D1",
        "addr_full": null,
        "addr_street": "Carrera 19",
        "addr_housenumber": null,
        "addr_city": "Bogotá",
        "addr_state": null,
        "addr_postcode": null,
        "opening_hours": "Mo-Su 08:00-20:00",
        "phone": null,
        "website": "https://d1.com.co/"
      }
    },
    {
      "type": "Feature",
      "geometry": {
        "type": "Point",
        "coordinates": [
          -73.3596158,
          5.5503323
        ]
      },
      "properties": {
        "osm_id": 6058517785,
        "osm_type": "node",
        "name": "Supermercado D1",
        "brand": null,
        "operator": "D1",
        "addr_full": null,
        "addr_street": null,
        "addr_housenumber": null,
        "addr_city": null,
        "addr_state": null,
        "addr_postcode": null,
        "opening_hours": "Mo-Su,PH 08:00-19:30",
        "phone": null,
        "website": null
      }
    },
    {
      "type": "Feature",
      "geometry": {
        "type": "Point",
        "coordinates": [
          -76.5788849,
          2.4885292
        ]
      },
      "properties": {
        "osm_id": 6074050573,
        "osm_type": "node",
        "name": "D1",
        "brand": null,
        "operator": null,
        "addr_full": null,
        "addr_street": null,
        "addr_housenumber": null,
        "addr_city": null,
        "addr_state": null,
        "addr_postcode": null,
        "opening_hours": null,
        "phone": null,
        "website": null
      }
    },
    {
      "type": "Feature",
      "geometry": {
        "type": "Point",
        "coordinates": [
          -74.1722787,
          4.9290199
        ]
      },
      "properties": {
        "osm_id": 6101007061,
        "osm_type": "node",
        "name": "Tiendas D1",
        "brand": null,
        "operator": null,
        "addr_full": null,
        "addr_street": null,
        "addr_housenumber": null,
        "addr_city": null,
        "addr_state": null,
        "addr_postcode": null,
        "opening_hours": null,
        "phone": null,
        "website": null
      }
    },
    {
      "type": "Feature",
      "geometry": {
        "type": "Point",
        "coordinates": [
          -75.5936275,
          6.2092542
        ]
      },
      "properties": {
        "osm_id": 6174428988,
        "osm_type": "node",
        "name": "D1",
        "brand": null,
        "operator": null,
        "addr_full": null,
        "addr_street": "Diagonal 75B",
        "addr_housenumber": null,
        "addr_city": null,
        "addr_state": null,
        "addr_postcode": null,
        "opening_hours": "Mo-Su 07:00-21:00",
        "phone": null,
        "website": "http://www.tiendasd1.com"
      }
    },
    {
      "type": "Feature",
      "geometry": {
        "type": "Point",
        "coordinates": [
          -76.6114879,
          2.4490556
        ]
      },
      "properties": {
        "osm_id": 6204653532,
        "osm_type": "node",
        "name": "D1",
        "brand": "D1",
        "operator": null,
        "addr_full": null,
        "addr_street": null,
        "addr_housenumber": null,
        "addr_city": null,
        "addr_state": null,
        "addr_postcode": null,
        "opening_hours": null,
        "phone": null,
        "website": null
      }
    },
    {
      "type": "Feature",
      "geometry": {
        "type": "Point",
        "coordinates": [
          -75.6284012,
          4.870394
        ]
      },
      "properties": {
        "osm_id": 6219074925,
        "osm_type": "node",
        "name": "Tienda D1",
        "brand": null,
        "operator": null,
        "addr_full": null,
        "addr_street": null,
        "addr_housenumber": null,
        "addr_city": "Santa Rosa de Cabal",
        "addr_state": null,
        "addr_postcode": null,
        "opening_hours": null,
        "phone": null,
        "website": null
      }
    },
    {
      "type": "Feature",
      "geometry": {
        "type": "Point",
        "coordinates": [
          -74.3790229,
          4.3308515
        ]
      },
      "properties": {
        "osm_id": 6321075586,
        "osm_type": "node",
        "name": "D1",
        "brand": "D1",
        "operator": null,
        "addr_full": null,
        "addr_street": "Diagonal 25",
        "addr_housenumber": "36",
        "addr_city": null,
        "addr_state": null,
        "addr_postcode": null,
        "opening_hours": null,
        "phone": null,
        "website": null
      }
    },
    {
      "type": "Feature",
      "geometry": {
        "type": "Point",
        "coordinates": [
          -75.582912,
          6.2749466
        ]
      },
      "properties": {
        "osm_id": 6327359287,
        "osm_type": "node",
        "name": "D1",
        "brand": "D1",
        "operator": null,
        "addr_full": null,
        "addr_street": null,
        "addr_housenumber": null,
        "addr_city": null,
        "addr_state": null,
        "addr_postcode": null,
        "opening_hours": null,
        "phone": null,
        "website": null
      }
    },
    {
      "type": "Feature",
      "geometry": {
        "type": "Point",
        "coordinates": [
          -75.5830094,
          6.2748481
        ]
      },
      "properties": {
        "osm_id": 6327383889,
        "osm_type": "node",
        "name": "D1",
        "brand": "D1",
        "operator": null,
        "addr_full": null,
        "addr_street": null,
        "addr_housenumber": null,
        "addr_city": null,
        "addr_state": null,
        "addr_postcode": null,
        "opening_hours": null,
        "phone": null,
        "website": null
      }
    },
    {
      "type": "Feature",
      "geometry": {
        "type": "Point",
        "coordinates": [
          -74.0681897,
          4.6209444
        ]
      },
      "properties": {
        "osm_id": 6328222876,
        "osm_type": "node",
        "name": "D1",
        "brand": "D1",
        "operator": null,
        "addr_full": null,
        "addr_street": "Carrera 13A",
        "addr_housenumber": "33-58",
        "addr_city": null,
        "addr_state": null,
        "addr_postcode": null,
        "opening_hours": null,
        "phone": null,
        "website": "https://d1.com.co/"
      }
    },
    {
      "type": "Feature",
      "geometry": {
        "type": "Point",
        "coordinates": [
          -74.2372554,
          4.5710585
        ]
      },
      "properties": {
        "osm_id": 6336857560,
        "osm_type": "node",
        "name": "D1",
        "brand": null,
        "operator": "D1",
        "addr_full": null,
        "addr_street": null,
        "addr_housenumber": null,
        "addr_city": null,
        "addr_state": null,
        "addr_postcode": null,
        "opening_hours": null,
        "phone": null,
        "website": null
      }
    },
    {
      "type": "Feature",
      "geometry": {
        "type": "Point",
        "coordinates": [
          -73.5265977,
          5.6301566
        ]
      },
      "properties": {
        "osm_id": 6347941985,
        "osm_type": "node",
        "name": "D1",
        "brand": null,
        "operator": null,
        "addr_full": null,
        "addr_street": null,
        "addr_housenumber": null,
        "addr_city": null,
        "addr_state": null,
        "addr_postcode": null,
        "opening_hours": null,
        "phone": null,
        "website": null
      }
    },
    {
      "type": "Feature",
      "geometry": {
        "type": "Point",
        "coordinates": [
          -76.5524776,
          3.4249406
        ]
      },
      "properties": {
        "osm_id": 6366327952,
        "osm_type": "node",
        "name": "D1",
        "brand": null,
        "operator": null,
        "addr_full": null,
        "addr_street": "Calle 1",
        "addr_housenumber": null,
        "addr_city": "Cali",
        "addr_state": null,
        "addr_postcode": null,
        "opening_hours": "Mo-Su 09:00-21:00",
        "phone": null,
        "website": null
      }
    },
    {
      "type": "Feature",
      "geometry": {
        "type": "Point",
        "coordinates": [
          -73.1397104,
          6.5602856
        ]
      },
      "properties": {
        "osm_id": 6368080891,
        "osm_type": "node",
        "name": "D1",
        "brand": null,
        "operator": null,
        "addr_full": null,
        "addr_street": null,
        "addr_housenumber": null,
        "addr_city": null,
        "addr_state": null,
        "addr_postcode": null,
        "opening_hours": null,
        "phone": null,
        "website": null
      }
    },
    {
      "type": "Feature",
      "geometry": {
        "type": "Point",
        "coordinates": [
          -74.0813066,
          4.7003204
        ]
      },
      "properties": {
        "osm_id": 6374956514,
        "osm_type": "node",
        "name": "D1",
        "brand": "D1",
        "operator": null,
        "addr_full": null,
        "addr_street": null,
        "addr_housenumber": null,
        "addr_city": null,
        "addr_state": null,
        "addr_postcode": null,
        "opening_hours": null,
        "phone": null,
        "website": "https://d1.com.co/"
      }
    },
    {
      "type": "Feature",
      "geometry": {
        "type": "Point",
        "coordinates": [
          -75.6040195,
          6.157919
        ]
      },
      "properties": {
        "osm_id": 6460216755,
        "osm_type": "node",
        "name": "D1",
        "brand": "D1",
        "operator": "D1",
        "addr_full": null,
        "addr_street": "Calle 53C Sur",
        "addr_housenumber": "43-74",
        "addr_city": "Sabaneta Antioquia",
        "addr_state": null,
        "addr_postcode": null,
        "opening_hours": null,
        "phone": null,
        "website": null
      }
    },
    {
      "type": "Feature",
      "geometry": {
        "type": "Point",
        "coordinates": [
          -75.0268708,
          6.294635
        ]
      },
      "properties": {
        "osm_id": 6535705788,
        "osm_type": "node",
        "name": "Tiendas D1",
        "brand": null,
        "operator": null,
        "addr_full": null,
        "addr_street": null,
        "addr_housenumber": null,
        "addr_city": null,
        "addr_state": null,
        "addr_postcode": null,
        "opening_hours": null,
        "phone": null,
        "website": null
      }
    },
    {
      "type": "Feature",
      "geometry": {
        "type": "Point",
        "coordinates": [
          -74.6554059,
          5.4629519
        ]
      },
      "properties": {
        "osm_id": 6577551185,
        "osm_type": "node",
        "name": "Tiendas D1",
        "brand": null,
        "operator": null,
        "addr_full": null,
        "addr_street": null,
        "addr_housenumber": null,
        "addr_city": null,
        "addr_state": null,
        "addr_postcode": null,
        "opening_hours": null,
        "phone": null,
        "website": null
      }
    },
    {
      "type": "Feature",
      "geometry": {
        "type": "Point",
        "coordinates": [
          -76.7825721,
          8.4250321
        ]
      },
      "properties": {
        "osm_id": 6594492785,
        "osm_type": "node",
        "name": "Tiendas D1",
        "brand": null,
        "operator": null,
        "addr_full": null,
        "addr_street": null,
        "addr_housenumber": null,
        "addr_city": null,
        "addr_state": null,
        "addr_postcode": null,
        "opening_hours": null,
        "phone": null,
        "website": null
      }
    },
    {
      "type": "Feature",
      "geometry": {
        "type": "Point",
        "coordinates": [
          -74.0711052,
          4.6079301
        ]
      },
      "properties": {
        "osm_id": 6601601085,
        "osm_type": "node",
        "name": "D1",
        "brand": "D1",
        "operator": null,
        "addr_full": null,
        "addr_street": null,
        "addr_housenumber": null,
        "addr_city": null,
        "addr_state": null,
        "addr_postcode": null,
        "opening_hours": null,
        "phone": null,
        "website": "https://d1.com.co/"
      }
    },
    {
      "type": "Feature",
      "geometry": {
        "type": "Point",
        "coordinates": [
          -74.1022284,
          4.592467
        ]
      },
      "properties": {
        "osm_id": 6637941015,
        "osm_type": "node",
        "name": "D1",
        "brand": "D1",
        "operator": null,
        "addr_full": null,
        "addr_street": null,
        "addr_housenumber": null,
        "addr_city": null,
        "addr_state": null,
        "addr_postcode": null,
        "opening_hours": null,
        "phone": null,
        "website": "https://d1.com.co/"
      }
    },
    {
      "type": "Feature",
      "geometry": {
        "type": "Point",
        "coordinates": [
          -74.1211439,
          4.6670908
        ]
      },
      "properties": {
        "osm_id": 6638968285,
        "osm_type": "node",
        "name": "D1",
        "brand": "D1",
        "operator": null,
        "addr_full": null,
        "addr_street": null,
        "addr_housenumber": null,
        "addr_city": null,
        "addr_state": null,
        "addr_postcode": null,
        "opening_hours": null,
        "phone": null,
        "website": "https://d1.com.co/"
      }
    },
    {
      "type": "Feature",
      "geometry": {
        "type": "Point",
        "coordinates": [
          -72.4879473,
          7.8810214
        ]
      },
      "properties": {
        "osm_id": 6680880485,
        "osm_type": "node",
        "name": "Tiendas D1",
        "brand": null,
        "operator": null,
        "addr_full": null,
        "addr_street": null,
        "addr_housenumber": null,
        "addr_city": null,
        "addr_state": null,
        "addr_postcode": null,
        "opening_hours": null,
        "phone": null,
        "website": null
      }
    },
    {
      "type": "Feature",
      "geometry": {
        "type": "Point",
        "coordinates": [
          -73.9924726,
          5.0342478
        ]
      },
      "properties": {
        "osm_id": 6681267687,
        "osm_type": "node",
        "name": "D1",
        "brand": null,
        "operator": null,
        "addr_full": null,
        "addr_street": null,
        "addr_housenumber": null,
        "addr_city": null,
        "addr_state": null,
        "addr_postcode": null,
        "opening_hours": null,
        "phone": null,
        "website": null
      }
    },
    {
      "type": "Feature",
      "geometry": {
        "type": "Point",
        "coordinates": [
          -76.4970875,
          3.4840984
        ]
      },
      "properties": {
        "osm_id": 6709037085,
        "osm_type": "node",
        "name": "D1",
        "brand": "D1",
        "operator": null,
        "addr_full": null,
        "addr_street": null,
        "addr_housenumber": null,
        "addr_city": "Calima",
        "addr_state": null,
        "addr_postcode": null,
        "opening_hours": null,
        "phone": null,
        "website": null
      }
    },
    {
      "type": "Feature",
      "geometry": {
        "type": "Point",
        "coordinates": [
          -75.6775644,
          4.8092005
        ]
      },
      "properties": {
        "osm_id": 6718988628,
        "osm_type": "node",
        "name": "D1",
        "brand": "D1",
        "operator": null,
        "addr_full": null,
        "addr_street": "2E 76",
        "addr_housenumber": "Carrera 11",
        "addr_city": "Pereira",
        "addr_state": null,
        "addr_postcode": "660001",
        "opening_hours": "Mo-Su 08:00-21:00",
        "phone": null,
        "website": "http://tiendasd1.com"
      }
    },
    {
      "type": "Feature",
      "geometry": {
        "type": "Point",
        "coordinates": [
          -75.7251133,
          4.8077917
        ]
      },
      "properties": {
        "osm_id": 6718996627,
        "osm_type": "node",
        "name": "D1",
        "brand": "D1",
        "operator": null,
        "addr_full": null,
        "addr_street": null,
        "addr_housenumber": null,
        "addr_city": null,
        "addr_state": null,
        "addr_postcode": null,
        "opening_hours": "Mo-Su 08:00-21:00",
        "phone": null,
        "website": "http://tiendasd1.com"
      }
    },
    {
      "type": "Feature",
      "geometry": {
        "type": "Point",
        "coordinates": [
          -75.6978124,
          4.8049455
        ]
      },
      "properties": {
        "osm_id": 6718996628,
        "osm_type": "node",
        "name": "D1",
        "brand": "D1",
        "operator": null,
        "addr_full": null,
        "addr_street": "5 22",
        "addr_housenumber": "Calle 63",
        "addr_city": "Pereira - Risaralda - Colombia",
        "addr_state": null,
        "addr_postcode": "660000",
        "opening_hours": "Mo-Su 08:00-21:00",
        "phone": null,
        "website": "http://tiendasd1.com"
      }
    },
    {
      "type": "Feature",
      "geometry": {
        "type": "Point",
        "coordinates": [
          -75.6915334,
          4.8025841
        ]
      },
      "properties": {
        "osm_id": 6718996990,
        "osm_type": "node",
        "name": "D1",
        "brand": "D1",
        "operator": null,
        "addr_full": null,
        "addr_street": "Calle 14",
        "addr_housenumber": null,
        "addr_city": "Pereira",
        "addr_state": null,
        "addr_postcode": null,
        "opening_hours": "Mo-Su 08:00-21:00",
        "phone": null,
        "website": "http://tiendasd1.com"
      }
    },
    {
      "type": "Feature",
      "geometry": {
        "type": "Point",
        "coordinates": [
          -75.6903948,
          4.8132979
        ]
      },
      "properties": {
        "osm_id": 6718999403,
        "osm_type": "node",
        "name": "D1",
        "brand": "D1",
        "operator": null,
        "addr_full": null,
        "addr_street": null,
        "addr_housenumber": null,
        "addr_city": null,
        "addr_state": null,
        "addr_postcode": null,
        "opening_hours": "Mo-Su 08:00-21:00",
        "phone": null,
        "website": "http://tiendasd1.com"
      }
    },
    {
      "type": "Feature",
      "geometry": {
        "type": "Point",
        "coordinates": [
          -75.6988826,
          4.8133914
        ]
      },
      "properties": {
        "osm_id": 6719000270,
        "osm_type": "node",
        "name": "D1",
        "brand": "D1",
        "operator": null,
        "addr_full": null,
        "addr_street": "Carrera 9",
        "addr_housenumber": null,
        "addr_city": "Pereira",
        "addr_state": null,
        "addr_postcode": "660002",
        "opening_hours": "Mo-Su 08:00-21:00",
        "phone": null,
        "website": "http://tiendasd1.com"
      }
    },
    {
      "type": "Feature",
      "geometry": {
        "type": "Point",
        "coordinates": [
          -75.6938964,
          4.8107507
        ]
      },
      "properties": {
        "osm_id": 6719000966,
        "osm_type": "node",
        "name": "D1",
        "brand": "D1",
        "operator": null,
        "addr_full": null,
        "addr_street": null,
        "addr_housenumber": null,
        "addr_city": null,
        "addr_state": null,
        "addr_postcode": null,
        "opening_hours": "Mo-Su 08:00-21:00",
        "phone": null,
        "website": "http://tiendasd1.com"
      }
    },
    {
      "type": "Feature",
      "geometry": {
        "type": "Point",
        "coordinates": [
          -75.7410513,
          4.8041846
        ]
      },
      "properties": {
        "osm_id": 6719002783,
        "osm_type": "node",
        "name": "D1",
        "brand": "D1",
        "operator": null,
        "addr_full": null,
        "addr_street": "5 22",
        "addr_housenumber": "Calle 63",
        "addr_city": null,
        "addr_state": null,
        "addr_postcode": null,
        "opening_hours": "Mo-Su 08:00-21:00",
        "phone": null,
        "website": "http://tiendasd1.com"
      }
    },
    {
      "type": "Feature",
      "geometry": {
        "type": "Point",
        "coordinates": [
          -75.7251656,
          4.7864255
        ]
      },
      "properties": {
        "osm_id": 6719003046,
        "osm_type": "node",
        "name": "D1",
        "brand": null,
        "operator": null,
        "addr_full": null,
        "addr_street": "5 22",
        "addr_housenumber": "Calle 63",
        "addr_city": null,
        "addr_state": null,
        "addr_postcode": null,
        "opening_hours": "Mo-Su 08:00-21:00",
        "phone": null,
        "website": "http://tiendasd1.com"
      }
    },
    {
      "type": "Feature",
      "geometry": {
        "type": "Point",
        "coordinates": [
          -75.7380239,
          4.8036271
        ]
      },
      "properties": {
        "osm_id": 6719003155,
        "osm_type": "node",
        "name": "D1",
        "brand": "D1",
        "operator": null,
        "addr_full": null,
        "addr_street": null,
        "addr_housenumber": null,
        "addr_city": null,
        "addr_state": null,
        "addr_postcode": null,
        "opening_hours": "Mo-Su 08:00-21:00",
        "phone": null,
        "website": "http://tiendasd1.com"
      }
    },
    {
      "type": "Feature",
      "geometry": {
        "type": "Point",
        "coordinates": [
          -75.7523216,
          4.8106478
        ]
      },
      "properties": {
        "osm_id": 6719003250,
        "osm_type": "node",
        "name": "D1",
        "brand": null,
        "operator": null,
        "addr_full": null,
        "addr_street": null,
        "addr_housenumber": null,
        "addr_city": null,
        "addr_state": null,
        "addr_postcode": null,
        "opening_hours": "Mo-Su 08:00-21:00",
        "phone": null,
        "website": "http://tiendasd1.com"
      }
    },
    {
      "type": "Feature",
      "geometry": {
        "type": "Point",
        "coordinates": [
          -75.7301818,
          4.8216364
        ]
      },
      "properties": {
        "osm_id": 6719007753,
        "osm_type": "node",
        "name": "D1",
        "brand": null,
        "operator": null,
        "addr_full": null,
        "addr_street": "5 22",
        "addr_housenumber": "Calle 63",
        "addr_city": null,
        "addr_state": null,
        "addr_postcode": null,
        "opening_hours": "Mo-Su 08:00-21:00",
        "phone": null,
        "website": "http://tiendasd1.com"
      }
    },
    {
      "type": "Feature",
      "geometry": {
        "type": "Point",
        "coordinates": [
          -75.7107917,
          4.7925677
        ]
      },
      "properties": {
        "osm_id": 6719008287,
        "osm_type": "node",
        "name": "D1",
        "brand": null,
        "operator": null,
        "addr_full": null,
        "addr_street": "5 22",
        "addr_housenumber": "Calle 63",
        "addr_city": null,
        "addr_state": null,
        "addr_postcode": null,
        "opening_hours": "Mo-Su 08:00-21:00",
        "phone": null,
        "website": "http://tiendasd1.com"
      }
    },
    {
      "type": "Feature",
      "geometry": {
        "type": "Point",
        "coordinates": [
          -75.805255,
          4.8061723
        ]
      },
      "properties": {
        "osm_id": 6719008490,
        "osm_type": "node",
        "name": "D1",
        "brand": null,
        "operator": null,
        "addr_full": null,
        "addr_street": "5 22",
        "addr_housenumber": "Calle 63",
        "addr_city": null,
        "addr_state": null,
        "addr_postcode": null,
        "opening_hours": "Mo-Su 08:00-21:00",
        "phone": null,
        "website": "http://tiendasd1.com"
      }
    },
    {
      "type": "Feature",
      "geometry": {
        "type": "Point",
        "coordinates": [
          -75.7067591,
          4.8122003
        ]
      },
      "properties": {
        "osm_id": 6719008654,
        "osm_type": "node",
        "name": "D1",
        "brand": "D1",
        "operator": null,
        "addr_full": null,
        "addr_street": "Carrera 13",
        "addr_housenumber": null,
        "addr_city": "Pereira",
        "addr_state": null,
        "addr_postcode": "660002",
        "opening_hours": "Mo-Su 08:00-21:00",
        "phone": null,
        "website": "http://tiendasd1.com"
      }
    },
    {
      "type": "Feature",
      "geometry": {
        "type": "Point",
        "coordinates": [
          -75.7087387,
          4.8006676
        ]
      },
      "properties": {
        "osm_id": 6719008655,
        "osm_type": "node",
        "name": "D1",
        "brand": "D1",
        "operator": null,
        "addr_full": null,
        "addr_street": "5 22",
        "addr_housenumber": "Calle 63",
        "addr_city": "El Poblado",
        "addr_state": null,
        "addr_postcode": "660004",
        "opening_hours": "Mo-Su 08:00-21:00",
        "phone": null,
        "website": "http://tiendasd1.com"
      }
    },
    {
      "type": "Feature",
      "geometry": {
        "type": "Point",
        "coordinates": [
          -75.6803083,
          4.8090281
        ]
      },
      "properties": {
        "osm_id": 6719016822,
        "osm_type": "node",
        "name": "D1",
        "brand": "D1",
        "operator": null,
        "addr_full": null,
        "addr_street": "5 22",
        "addr_housenumber": "Calle 63",
        "addr_city": null,
        "addr_state": null,
        "addr_postcode": null,
        "opening_hours": null,
        "phone": null,
        "website": null
      }
    },
    {
      "type": "Feature",
      "geometry": {
        "type": "Point",
        "coordinates": [
          -75.7126209,
          4.8154254
        ]
      },
      "properties": {
        "osm_id": 6719023573,
        "osm_type": "node",
        "name": "D1",
        "brand": null,
        "operator": null,
        "addr_full": null,
        "addr_street": "5 22",
        "addr_housenumber": "Calle 63",
        "addr_city": null,
        "addr_state": null,
        "addr_postcode": null,
        "opening_hours": "Mo-Su 08:00-21:00",
        "phone": null,
        "website": "http://tiendasd1.com"
      }
    },
    {
      "type": "Feature",
      "geometry": {
        "type": "Point",
        "coordinates": [
          -75.5708037,
          6.2131903
        ]
      },
      "properties": {
        "osm_id": 6727664964,
        "osm_type": "node",
        "name": "D1",
        "brand": "D1",
        "operator": null,
        "addr_full": null,
        "addr_street": null,
        "addr_housenumber": null,
        "addr_city": null,
        "addr_state": null,
        "addr_postcode": null,
        "opening_hours": null,
        "phone": null,
        "website": null
      }
    },
    {
      "type": "Feature",
      "geometry": {
        "type": "Point",
        "coordinates": [
          -75.5707037,
          6.213216
        ]
      },
      "properties": {
        "osm_id": 6759866186,
        "osm_type": "node",
        "name": "D1",
        "brand": "D1",
        "operator": null,
        "addr_full": null,
        "addr_street": null,
        "addr_housenumber": null,
        "addr_city": null,
        "addr_state": null,
        "addr_postcode": null,
        "opening_hours": null,
        "phone": null,
        "website": null
      }
    },
    {
      "type": "Feature",
      "geometry": {
        "type": "Point",
        "coordinates": [
          -73.6180526,
          5.9284337
        ]
      },
      "properties": {
        "osm_id": 6824072551,
        "osm_type": "node",
        "name": "Tiendas D1",
        "brand": null,
        "operator": null,
        "addr_full": null,
        "addr_street": "Carrera 7",
        "addr_housenumber": null,
        "addr_city": "Barbosa",
        "addr_state": null,
        "addr_postcode": null,
        "opening_hours": null,
        "phone": null,
        "website": null
      }
    },
    {
      "type": "Feature",
      "geometry": {
        "type": "Point",
        "coordinates": [
          -73.1185298,
          7.1241761
        ]
      },
      "properties": {
        "osm_id": 6932976230,
        "osm_type": "node",
        "name": "D1",
        "brand": "D1",
        "operator": null,
        "addr_full": null,
        "addr_street": null,
        "addr_housenumber": null,
        "addr_city": null,
        "addr_state": null,
        "addr_postcode": null,
        "opening_hours": null,
        "phone": null,
        "website": null
      }
    },
    {
      "type": "Feature",
      "geometry": {
        "type": "Point",
        "coordinates": [
          -75.5649448,
          6.2114008
        ]
      },
      "properties": {
        "osm_id": 6970233297,
        "osm_type": "node",
        "name": "D1",
        "brand": "D1",
        "operator": null,
        "addr_full": null,
        "addr_street": "Carrera 36",
        "addr_housenumber": "10B-100",
        "addr_city": null,
        "addr_state": null,
        "addr_postcode": null,
        "opening_hours": null,
        "phone": null,
        "website": null
      }
    },
    {
      "type": "Feature",
      "geometry": {
        "type": "Point",
        "coordinates": [
          -74.0681585,
          4.6208916
        ]
      },
      "properties": {
        "osm_id": 6978564285,
        "osm_type": "node",
        "name": "D1",
        "brand": "D1",
        "operator": null,
        "addr_full": null,
        "addr_street": null,
        "addr_housenumber": null,
        "addr_city": null,
        "addr_state": null,
        "addr_postcode": null,
        "opening_hours": null,
        "phone": null,
        "website": "https://d1.com.co/"
      }
    },
    {
      "type": "Feature",
      "geometry": {
        "type": "Point",
        "coordinates": [
          -76.4378539,
          7.2451718
        ]
      },
      "properties": {
        "osm_id": 6987504094,
        "osm_type": "node",
        "name": "Tiendas D1",
        "brand": null,
        "operator": null,
        "addr_full": null,
        "addr_street": null,
        "addr_housenumber": null,
        "addr_city": null,
        "addr_state": null,
        "addr_postcode": null,
        "opening_hours": null,
        "phone": null,
        "website": null
      }
    },
    {
      "type": "Feature",
      "geometry": {
        "type": "Point",
        "coordinates": [
          -74.2065358,
          11.2222102
        ]
      },
      "properties": {
        "osm_id": 6987832285,
        "osm_type": "node",
        "name": "D1",
        "brand": null,
        "operator": null,
        "addr_full": null,
        "addr_street": null,
        "addr_housenumber": null,
        "addr_city": null,
        "addr_state": null,
        "addr_postcode": null,
        "opening_hours": null,
        "phone": null,
        "website": null
      }
    },
    {
      "type": "Feature",
      "geometry": {
        "type": "Point",
        "coordinates": [
          -74.1921128,
          11.2360871
        ]
      },
      "properties": {
        "osm_id": 6988596985,
        "osm_type": "node",
        "name": "D1",
        "brand": null,
        "operator": null,
        "addr_full": null,
        "addr_street": null,
        "addr_housenumber": null,
        "addr_city": null,
        "addr_state": null,
        "addr_postcode": null,
        "opening_hours": null,
        "phone": null,
        "website": null
      }
    },
    {
      "type": "Feature",
      "geometry": {
        "type": "Point",
        "coordinates": [
          -74.1888002,
          11.2374392
        ]
      },
      "properties": {
        "osm_id": 6988602985,
        "osm_type": "node",
        "name": "D1",
        "brand": "D1",
        "operator": null,
        "addr_full": null,
        "addr_street": null,
        "addr_housenumber": null,
        "addr_city": null,
        "addr_state": null,
        "addr_postcode": null,
        "opening_hours": null,
        "phone": null,
        "website": null
      }
    },
    {
      "type": "Feature",
      "geometry": {
        "type": "Point",
        "coordinates": [
          -75.5326121,
          10.4308106
        ]
      },
      "properties": {
        "osm_id": 7008558585,
        "osm_type": "node",
        "name": "D1",
        "brand": "D1",
        "operator": null,
        "addr_full": null,
        "addr_street": null,
        "addr_housenumber": null,
        "addr_city": null,
        "addr_state": null,
        "addr_postcode": null,
        "opening_hours": null,
        "phone": null,
        "website": null
      }
    },
    {
      "type": "Feature",
      "geometry": {
        "type": "Point",
        "coordinates": [
          -74.7751683,
          4.2860017
        ]
      },
      "properties": {
        "osm_id": 7048148740,
        "osm_type": "node",
        "name": "D1",
        "brand": "D1",
        "operator": null,
        "addr_full": null,
        "addr_street": null,
        "addr_housenumber": null,
        "addr_city": null,
        "addr_state": null,
        "addr_postcode": null,
        "opening_hours": null,
        "phone": null,
        "website": null
      }
    },
    {
      "type": "Feature",
      "geometry": {
        "type": "Point",
        "coordinates": [
          -75.4362035,
          6.0319804
        ]
      },
      "properties": {
        "osm_id": 7053089941,
        "osm_type": "node",
        "name": "Tiendas D1",
        "brand": null,
        "operator": null,
        "addr_full": null,
        "addr_street": null,
        "addr_housenumber": null,
        "addr_city": null,
        "addr_state": null,
        "addr_postcode": null,
        "opening_hours": null,
        "phone": null,
        "website": null
      }
    },
    {
      "type": "Feature",
      "geometry": {
        "type": "Point",
        "coordinates": [
          -75.6477699,
          4.5225268
        ]
      },
      "properties": {
        "osm_id": 7064962152,
        "osm_type": "node",
        "name": "D1",
        "brand": "D1",
        "operator": null,
        "addr_full": null,
        "addr_street": null,
        "addr_housenumber": null,
        "addr_city": null,
        "addr_state": null,
        "addr_postcode": null,
        "opening_hours": null,
        "phone": null,
        "website": null
      }
    },
    {
      "type": "Feature",
      "geometry": {
        "type": "Point",
        "coordinates": [
          -75.5853479,
          6.2372195
        ]
      },
      "properties": {
        "osm_id": 7072770585,
        "osm_type": "node",
        "name": "Tiendas D1",
        "brand": null,
        "operator": null,
        "addr_full": null,
        "addr_street": "Carrera 65D",
        "addr_housenumber": "32C-31",
        "addr_city": null,
        "addr_state": null,
        "addr_postcode": null,
        "opening_hours": "Mo-Su 07:00-21:00; PH 08:00-21:00",
        "phone": null,
        "website": null
      }
    },
    {
      "type": "Feature",
      "geometry": {
        "type": "Point",
        "coordinates": [
          -74.4641364,
          4.6317051
        ]
      },
      "properties": {
        "osm_id": 7099223689,
        "osm_type": "node",
        "name": "D1",
        "brand": "D1",
        "operator": null,
        "addr_full": null,
        "addr_street": null,
        "addr_housenumber": null,
        "addr_city": null,
        "addr_state": null,
        "addr_postcode": null,
        "opening_hours": null,
        "phone": null,
        "website": null
      }
    },
    {
      "type": "Feature",
      "geometry": {
        "type": "Point",
        "coordinates": [
          -75.7205105,
          4.5007496
        ]
      },
      "properties": {
        "osm_id": 7157647318,
        "osm_type": "node",
        "name": "D1",
        "brand": "D1",
        "operator": null,
        "addr_full": null,
        "addr_street": null,
        "addr_housenumber": null,
        "addr_city": null,
        "addr_state": null,
        "addr_postcode": null,
        "opening_hours": null,
        "phone": null,
        "website": null
      }
    },
    {
      "type": "Feature",
      "geometry": {
        "type": "Point",
        "coordinates": [
          -75.6067343,
          6.1546807
        ]
      },
      "properties": {
        "osm_id": 7194386805,
        "osm_type": "node",
        "name": "D1",
        "brand": "D1",
        "operator": null,
        "addr_full": null,
        "addr_street": "Calle 60 Sur",
        "addr_housenumber": null,
        "addr_city": "Sabaneta Antioquia",
        "addr_state": null,
        "addr_postcode": null,
        "opening_hours": "Mo-Su 07:00-21:00; PH 08:00-21:00",
        "phone": null,
        "website": null
      }
    },
    {
      "type": "Feature",
      "geometry": {
        "type": "Point",
        "coordinates": [
          -75.5894727,
          6.233393
        ]
      },
      "properties": {
        "osm_id": 7201937985,
        "osm_type": "node",
        "name": "Tiendas D1",
        "brand": null,
        "operator": null,
        "addr_full": null,
        "addr_street": "Carrera 69",
        "addr_housenumber": "30A-73",
        "addr_city": null,
        "addr_state": null,
        "addr_postcode": null,
        "opening_hours": null,
        "phone": null,
        "website": null
      }
    },
    {
      "type": "Feature",
      "geometry": {
        "type": "Point",
        "coordinates": [
          -74.4708816,
          4.6234413
        ]
      },
      "properties": {
        "osm_id": 7202393192,
        "osm_type": "node",
        "name": "D1",
        "brand": null,
        "operator": null,
        "addr_full": null,
        "addr_street": null,
        "addr_housenumber": null,
        "addr_city": null,
        "addr_state": null,
        "addr_postcode": null,
        "opening_hours": null,
        "phone": null,
        "website": null
      }
    },
    {
      "type": "Feature",
      "geometry": {
        "type": "Point",
        "coordinates": [
          -73.1176337,
          7.1343293
        ]
      },
      "properties": {
        "osm_id": 7240989333,
        "osm_type": "node",
        "name": "D1",
        "brand": "D1",
        "operator": null,
        "addr_full": null,
        "addr_street": null,
        "addr_housenumber": null,
        "addr_city": null,
        "addr_state": null,
        "addr_postcode": null,
        "opening_hours": null,
        "phone": null,
        "website": null
      }
    },
    {
      "type": "Feature",
      "geometry": {
        "type": "Point",
        "coordinates": [
          -75.6116358,
          6.1551054
        ]
      },
      "properties": {
        "osm_id": 7254330126,
        "osm_type": "node",
        "name": "D1",
        "brand": "D1",
        "operator": null,
        "addr_full": null,
        "addr_street": "Calle 62 Sur",
        "addr_housenumber": null,
        "addr_city": "Sabaneta",
        "addr_state": null,
        "addr_postcode": null,
        "opening_hours": null,
        "phone": null,
        "website": null
      }
    },
    {
      "type": "Feature",
      "geometry": {
        "type": "Point",
        "coordinates": [
          -75.5442112,
          6.2692883
        ]
      },
      "properties": {
        "osm_id": 7330357472,
        "osm_type": "node",
        "name": "D1",
        "brand": "D1",
        "operator": null,
        "addr_full": null,
        "addr_street": null,
        "addr_housenumber": null,
        "addr_city": null,
        "addr_state": null,
        "addr_postcode": null,
        "opening_hours": null,
        "phone": null,
        "website": null
      }
    },
    {
      "type": "Feature",
      "geometry": {
        "type": "Point",
        "coordinates": [
          -75.5593661,
          6.2847585
        ]
      },
      "properties": {
        "osm_id": 7330654174,
        "osm_type": "node",
        "name": "D1",
        "brand": "D1",
        "operator": "D1",
        "addr_full": null,
        "addr_street": null,
        "addr_housenumber": null,
        "addr_city": null,
        "addr_state": null,
        "addr_postcode": null,
        "opening_hours": null,
        "phone": null,
        "website": null
      }
    },
    {
      "type": "Feature",
      "geometry": {
        "type": "Point",
        "coordinates": [
          -75.5657513,
          6.2665493
        ]
      },
      "properties": {
        "osm_id": 7333188688,
        "osm_type": "node",
        "name": "D1",
        "brand": "D1",
        "operator": null,
        "addr_full": null,
        "addr_street": null,
        "addr_housenumber": null,
        "addr_city": null,
        "addr_state": null,
        "addr_postcode": null,
        "opening_hours": null,
        "phone": null,
        "website": null
      }
    },
    {
      "type": "Feature",
      "geometry": {
        "type": "Point",
        "coordinates": [
          -75.5951286,
          6.2622908
        ]
      },
      "properties": {
        "osm_id": 7337305663,
        "osm_type": "node",
        "name": "D1",
        "brand": "D1",
        "operator": null,
        "addr_full": null,
        "addr_street": null,
        "addr_housenumber": null,
        "addr_city": null,
        "addr_state": null,
        "addr_postcode": null,
        "opening_hours": null,
        "phone": null,
        "website": null
      }
    },
    {
      "type": "Feature",
      "geometry": {
        "type": "Point",
        "coordinates": [
          -75.5933184,
          6.2657708
        ]
      },
      "properties": {
        "osm_id": 7337305677,
        "osm_type": "node",
        "name": "D1",
        "brand": "D1",
        "operator": null,
        "addr_full": null,
        "addr_street": null,
        "addr_housenumber": null,
        "addr_city": null,
        "addr_state": null,
        "addr_postcode": null,
        "opening_hours": null,
        "phone": null,
        "website": null
      }
    },
    {
      "type": "Feature",
      "geometry": {
        "type": "Point",
        "coordinates": [
          -75.5965271,
          6.2374837
        ]
      },
      "properties": {
        "osm_id": 7337374705,
        "osm_type": "node",
        "name": "D1",
        "brand": "D1",
        "operator": null,
        "addr_full": null,
        "addr_street": null,
        "addr_housenumber": null,
        "addr_city": null,
        "addr_state": null,
        "addr_postcode": null,
        "opening_hours": null,
        "phone": null,
        "website": null
      }
    },
    {
      "type": "Feature",
      "geometry": {
        "type": "Point",
        "coordinates": [
          -75.5679329,
          6.3055651
        ]
      },
      "properties": {
        "osm_id": 7348952139,
        "osm_type": "node",
        "name": "Tienda D1",
        "brand": null,
        "operator": null,
        "addr_full": null,
        "addr_street": null,
        "addr_housenumber": null,
        "addr_city": null,
        "addr_state": null,
        "addr_postcode": null,
        "opening_hours": null,
        "phone": null,
        "website": null
      }
    },
    {
      "type": "Feature",
      "geometry": {
        "type": "Point",
        "coordinates": [
          -75.6012408,
          6.2026488
        ]
      },
      "properties": {
        "osm_id": 7352018616,
        "osm_type": "node",
        "name": "D1",
        "brand": "D1",
        "operator": null,
        "addr_full": null,
        "addr_street": null,
        "addr_housenumber": null,
        "addr_city": null,
        "addr_state": null,
        "addr_postcode": null,
        "opening_hours": null,
        "phone": null,
        "website": null
      }
    },
    {
      "type": "Feature",
      "geometry": {
        "type": "Point",
        "coordinates": [
          -75.571336,
          6.2637556
        ]
      },
      "properties": {
        "osm_id": 7353455547,
        "osm_type": "node",
        "name": "D1",
        "brand": null,
        "operator": null,
        "addr_full": null,
        "addr_street": null,
        "addr_housenumber": null,
        "addr_city": null,
        "addr_state": null,
        "addr_postcode": null,
        "opening_hours": "Mo-Su,PH 08:00-21:00",
        "phone": null,
        "website": null
      }
    },
    {
      "type": "Feature",
      "geometry": {
        "type": "Point",
        "coordinates": [
          -74.11731,
          4.7017049
        ]
      },
      "properties": {
        "osm_id": 7428354585,
        "osm_type": "node",
        "name": "D1",
        "brand": "D1",
        "operator": null,
        "addr_full": null,
        "addr_street": null,
        "addr_housenumber": null,
        "addr_city": null,
        "addr_state": null,
        "addr_postcode": null,
        "opening_hours": null,
        "phone": null,
        "website": "https://d1.com.co/"
      }
    },
    {
      "type": "Feature",
      "geometry": {
        "type": "Point",
        "coordinates": [
          -74.2153305,
          4.7097815
        ]
      },
      "properties": {
        "osm_id": 7435510854,
        "osm_type": "node",
        "name": "D1",
        "brand": "D1",
        "operator": null,
        "addr_full": null,
        "addr_street": null,
        "addr_housenumber": null,
        "addr_city": null,
        "addr_state": null,
        "addr_postcode": null,
        "opening_hours": null,
        "phone": null,
        "website": "https://d1.com.co/"
      }
    },
    {
      "type": "Feature",
      "geometry": {
        "type": "Point",
        "coordinates": [
          -76.9791007,
          2.123153
        ]
      },
      "properties": {
        "osm_id": 7490756593,
        "osm_type": "node",
        "name": "D1",
        "brand": null,
        "operator": null,
        "addr_full": null,
        "addr_street": null,
        "addr_housenumber": null,
        "addr_city": null,
        "addr_state": null,
        "addr_postcode": null,
        "opening_hours": null,
        "phone": null,
        "website": null
      }
    },
    {
      "type": "Feature",
      "geometry": {
        "type": "Point",
        "coordinates": [
          -73.5890164,
          4.116658
        ]
      },
      "properties": {
        "osm_id": 7644742463,
        "osm_type": "node",
        "name": "Tienda D1",
        "brand": null,
        "operator": null,
        "addr_full": null,
        "addr_street": null,
        "addr_housenumber": null,
        "addr_city": null,
        "addr_state": null,
        "addr_postcode": null,
        "opening_hours": null,
        "phone": null,
        "website": null
      }
    },
    {
      "type": "Feature",
      "geometry": {
        "type": "Point",
        "coordinates": [
          -75.8290704,
          4.3333487
        ]
      },
      "properties": {
        "osm_id": 7667718598,
        "osm_type": "node",
        "name": "TIENDAS D1",
        "brand": null,
        "operator": null,
        "addr_full": "Cra. 15 #10-1 #10-99 a, Caicedonia, Valle del Cauca, Colombia",
        "addr_street": null,
        "addr_housenumber": null,
        "addr_city": "Caicedonia",
        "addr_state": null,
        "addr_postcode": "762540",
        "opening_hours": null,
        "phone": null,
        "website": null
      }
    },
    {
      "type": "Feature",
      "geometry": {
        "type": "Point",
        "coordinates": [
          -74.8624835,
          11.0217109
        ]
      },
      "properties": {
        "osm_id": 7692609920,
        "osm_type": "node",
        "name": "D1",
        "brand": "D1",
        "operator": null,
        "addr_full": null,
        "addr_street": null,
        "addr_housenumber": null,
        "addr_city": null,
        "addr_state": null,
        "addr_postcode": null,
        "opening_hours": null,
        "phone": null,
        "website": null
      }
    },
    {
      "type": "Feature",
      "geometry": {
        "type": "Point",
        "coordinates": [
          -75.5967628,
          6.2249124
        ]
      },
      "properties": {
        "osm_id": 7706077629,
        "osm_type": "node",
        "name": "D1",
        "brand": "D1",
        "operator": null,
        "addr_full": null,
        "addr_street": null,
        "addr_housenumber": null,
        "addr_city": null,
        "addr_state": null,
        "addr_postcode": null,
        "opening_hours": null,
        "phone": null,
        "website": null
      }
    },
    {
      "type": "Feature",
      "geometry": {
        "type": "Point",
        "coordinates": [
          -74.0283002,
          4.8843187
        ]
      },
      "properties": {
        "osm_id": 7717189785,
        "osm_type": "node",
        "name": null,
        "brand": null,
        "operator": "JC D11-4",
        "addr_full": null,
        "addr_street": null,
        "addr_housenumber": null,
        "addr_city": null,
        "addr_state": null,
        "addr_postcode": null,
        "opening_hours": null,
        "phone": null,
        "website": null
      }
    },
    {
      "type": "Feature",
      "geometry": {
        "type": "Point",
        "coordinates": [
          -72.6448068,
          2.5693103
        ]
      },
      "properties": {
        "osm_id": 7938549360,
        "osm_type": "node",
        "name": "Tienda D1",
        "brand": null,
        "operator": null,
        "addr_full": null,
        "addr_street": null,
        "addr_housenumber": null,
        "addr_city": null,
        "addr_state": null,
        "addr_postcode": null,
        "opening_hours": null,
        "phone": null,
        "website": null
      }
    },
    {
      "type": "Feature",
      "geometry": {
        "type": "Point",
        "coordinates": [
          -76.5819442,
          2.4852465
        ]
      },
      "properties": {
        "osm_id": 8132345536,
        "osm_type": "node",
        "name": "D1",
        "brand": null,
        "operator": null,
        "addr_full": null,
        "addr_street": null,
        "addr_housenumber": null,
        "addr_city": null,
        "addr_state": null,
        "addr_postcode": null,
        "opening_hours": null,
        "phone": null,
        "website": null
      }
    },
    {
      "type": "Feature",
      "geometry": {
        "type": "Point",
        "coordinates": [
          -81.7008429,
          12.5783098
        ]
      },
      "properties": {
        "osm_id": 8255890959,
        "osm_type": "node",
        "name": "D1",
        "brand": "D1",
        "operator": null,
        "addr_full": null,
        "addr_street": null,
        "addr_housenumber": null,
        "addr_city": null,
        "addr_state": null,
        "addr_postcode": null,
        "opening_hours": "PH,Mo-Su 08:00-21:00+",
        "phone": null,
        "website": null
      }
    },
    {
      "type": "Feature",
      "geometry": {
        "type": "Point",
        "coordinates": [
          -74.1357653,
          4.6803482
        ]
      },
      "properties": {
        "osm_id": 8270601141,
        "osm_type": "node",
        "name": "D1",
        "brand": "D1",
        "operator": null,
        "addr_full": null,
        "addr_street": null,
        "addr_housenumber": null,
        "addr_city": null,
        "addr_state": null,
        "addr_postcode": null,
        "opening_hours": null,
        "phone": null,
        "website": "https://d1.com.co/"
      }
    },
    {
      "type": "Feature",
      "geometry": {
        "type": "Point",
        "coordinates": [
          -74.0921416,
          4.7031216
        ]
      },
      "properties": {
        "osm_id": 8353845829,
        "osm_type": "node",
        "name": "D1",
        "brand": "D1",
        "operator": null,
        "addr_full": null,
        "addr_street": null,
        "addr_housenumber": null,
        "addr_city": null,
        "addr_state": null,
        "addr_postcode": null,
        "opening_hours": null,
        "phone": null,
        "website": "https://d1.com.co/"
      }
    },
    {
      "type": "Feature",
      "geometry": {
        "type": "Point",
        "coordinates": [
          -74.0800672,
          4.5795163
        ]
      },
      "properties": {
        "osm_id": 8384768517,
        "osm_type": "node",
        "name": "D1",
        "brand": "D1",
        "operator": null,
        "addr_full": null,
        "addr_street": null,
        "addr_housenumber": null,
        "addr_city": null,
        "addr_state": null,
        "addr_postcode": null,
        "opening_hours": null,
        "phone": null,
        "website": "https://d1.com.co/"
      }
    },
    {
      "type": "Feature",
      "geometry": {
        "type": "Point",
        "coordinates": [
          -73.0291472,
          10.3914
        ]
      },
      "properties": {
        "osm_id": 8402778021,
        "osm_type": "node",
        "name": "D1",
        "brand": "D1",
        "operator": null,
        "addr_full": null,
        "addr_street": null,
        "addr_housenumber": null,
        "addr_city": null,
        "addr_state": null,
        "addr_postcode": null,
        "opening_hours": null,
        "phone": null,
        "website": null
      }
    },
    {
      "type": "Feature",
      "geometry": {
        "type": "Point",
        "coordinates": [
          -76.6050223,
          2.4384414
        ]
      },
      "properties": {
        "osm_id": 8425380811,
        "osm_type": "node",
        "name": "D1",
        "brand": "D1",
        "operator": null,
        "addr_full": null,
        "addr_street": null,
        "addr_housenumber": null,
        "addr_city": null,
        "addr_state": null,
        "addr_postcode": null,
        "opening_hours": null,
        "phone": null,
        "website": null
      }
    },
    {
      "type": "Feature",
      "geometry": {
        "type": "Point",
        "coordinates": [
          -74.1368942,
          4.708537
        ]
      },
      "properties": {
        "osm_id": 8454866117,
        "osm_type": "node",
        "name": "D1",
        "brand": "D1",
        "operator": null,
        "addr_full": null,
        "addr_street": null,
        "addr_housenumber": null,
        "addr_city": null,
        "addr_state": null,
        "addr_postcode": null,
        "opening_hours": null,
        "phone": null,
        "website": "https://d1.com.co/"
      }
    },
    {
      "type": "Feature",
      "geometry": {
        "type": "Point",
        "coordinates": [
          -74.0556787,
          4.6502746
        ]
      },
      "properties": {
        "osm_id": 8459243617,
        "osm_type": "node",
        "name": "D1",
        "brand": "D1",
        "operator": null,
        "addr_full": null,
        "addr_street": null,
        "addr_housenumber": null,
        "addr_city": null,
        "addr_state": null,
        "addr_postcode": "110231",
        "opening_hours": "Mo-Su 08:00-21:00",
        "phone": null,
        "website": "https://d1.com.co/"
      }
    },
    {
      "type": "Feature",
      "geometry": {
        "type": "Point",
        "coordinates": [
          -72.6395777,
          2.5599179
        ]
      },
      "properties": {
        "osm_id": 8483291152,
        "osm_type": "node",
        "name": "Tiendas D1",
        "brand": null,
        "operator": null,
        "addr_full": null,
        "addr_street": null,
        "addr_housenumber": null,
        "addr_city": null,
        "addr_state": null,
        "addr_postcode": null,
        "opening_hours": null,
        "phone": null,
        "website": null
      }
    },
    {
      "type": "Feature",
      "geometry": {
        "type": "Point",
        "coordinates": [
          -74.1286284,
          4.7443027
        ]
      },
      "properties": {
        "osm_id": 8522507691,
        "osm_type": "node",
        "name": "D1",
        "brand": "D1",
        "operator": null,
        "addr_full": null,
        "addr_street": null,
        "addr_housenumber": null,
        "addr_city": null,
        "addr_state": null,
        "addr_postcode": null,
        "opening_hours": null,
        "phone": null,
        "website": "https://d1.com.co/"
      }
    },
    {
      "type": "Feature",
      "geometry": {
        "type": "Point",
        "coordinates": [
          -75.5926793,
          6.230831
        ]
      },
      "properties": {
        "osm_id": 8532707771,
        "osm_type": "node",
        "name": "D1",
        "brand": "D1",
        "operator": null,
        "addr_full": null,
        "addr_street": null,
        "addr_housenumber": null,
        "addr_city": null,
        "addr_state": null,
        "addr_postcode": null,
        "opening_hours": null,
        "phone": null,
        "website": null
      }
    },
    {
      "type": "Feature",
      "geometry": {
        "type": "Point",
        "coordinates": [
          -74.6657508,
          5.459825
        ]
      },
      "properties": {
        "osm_id": 8560990418,
        "osm_type": "node",
        "name": "Tienda D1",
        "brand": null,
        "operator": null,
        "addr_full": null,
        "addr_street": "Carrera 3",
        "addr_housenumber": "21-69",
        "addr_city": "La Dorada",
        "addr_state": null,
        "addr_postcode": "175030",
        "opening_hours": "Mo-Su 09:00-21:00",
        "phone": null,
        "website": null
      }
    },
    {
      "type": "Feature",
      "geometry": {
        "type": "Point",
        "coordinates": [
          -76.6116296,
          2.4463162
        ]
      },
      "properties": {
        "osm_id": 8592763146,
        "osm_type": "node",
        "name": "D1",
        "brand": null,
        "operator": null,
        "addr_full": null,
        "addr_street": null,
        "addr_housenumber": null,
        "addr_city": null,
        "addr_state": null,
        "addr_postcode": null,
        "opening_hours": null,
        "phone": null,
        "website": null
      }
    },
    {
      "type": "Feature",
      "geometry": {
        "type": "Point",
        "coordinates": [
          -73.1095258,
          7.0901383
        ]
      },
      "properties": {
        "osm_id": 8622709967,
        "osm_type": "node",
        "name": "D1",
        "brand": "D1",
        "operator": null,
        "addr_full": null,
        "addr_street": null,
        "addr_housenumber": null,
        "addr_city": null,
        "addr_state": null,
        "addr_postcode": null,
        "opening_hours": null,
        "phone": null,
        "website": null
      }
    },
    {
      "type": "Feature",
      "geometry": {
        "type": "Point",
        "coordinates": [
          -75.5250451,
          5.0731719
        ]
      },
      "properties": {
        "osm_id": 8626983346,
        "osm_type": "node",
        "name": "Tiendas D1",
        "brand": null,
        "operator": null,
        "addr_full": null,
        "addr_street": null,
        "addr_housenumber": null,
        "addr_city": null,
        "addr_state": null,
        "addr_postcode": null,
        "opening_hours": null,
        "phone": null,
        "website": null
      }
    },
    {
      "type": "Feature",
      "geometry": {
        "type": "Point",
        "coordinates": [
          -74.2212152,
          11.1494737
        ]
      },
      "properties": {
        "osm_id": 8629943217,
        "osm_type": "node",
        "name": "Tiendas D1",
        "brand": null,
        "operator": null,
        "addr_full": null,
        "addr_street": "Calle 115",
        "addr_housenumber": "4-3",
        "addr_city": null,
        "addr_state": null,
        "addr_postcode": null,
        "opening_hours": null,
        "phone": null,
        "website": "http://tiendasd1.com"
      }
    },
    {
      "type": "Feature",
      "geometry": {
        "type": "Point",
        "coordinates": [
          -74.1408587,
          4.7437952
        ]
      },
      "properties": {
        "osm_id": 8699723064,
        "osm_type": "node",
        "name": "D1",
        "brand": "D1",
        "operator": null,
        "addr_full": null,
        "addr_street": null,
        "addr_housenumber": null,
        "addr_city": null,
        "addr_state": null,
        "addr_postcode": null,
        "opening_hours": null,
        "phone": null,
        "website": "https://d1.com.co/"
      }
    },
    {
      "type": "Feature",
      "geometry": {
        "type": "Point",
        "coordinates": [
          -74.0142058,
          4.9189168
        ]
      },
      "properties": {
        "osm_id": 8712519667,
        "osm_type": "node",
        "name": "D1",
        "brand": "D1",
        "operator": "d1",
        "addr_full": null,
        "addr_street": "hatogrande",
        "addr_housenumber": null,
        "addr_city": "cajica",
        "addr_state": null,
        "addr_postcode": null,
        "opening_hours": "Mo-Su 09:00-21:00",
        "phone": null,
        "website": null
      }
    },
    {
      "type": "Feature",
      "geometry": {
        "type": "Point",
        "coordinates": [
          -77.2611744,
          1.2008412
        ]
      },
      "properties": {
        "osm_id": 8712687255,
        "osm_type": "node",
        "name": "Tiendas D1",
        "brand": null,
        "operator": null,
        "addr_full": null,
        "addr_street": "Calle 20A",
        "addr_housenumber": null,
        "addr_city": "Santa Barbara, Pasto",
        "addr_state": null,
        "addr_postcode": null,
        "opening_hours": "Mo-Su 08:00-20:00",
        "phone": null,
        "website": null
      }
    },
    {
      "type": "Feature",
      "geometry": {
        "type": "Point",
        "coordinates": [
          -73.6866566,
          5.3847029
        ]
      },
      "properties": {
        "osm_id": 8713475390,
        "osm_type": "node",
        "name": "D1",
        "brand": "D1",
        "operator": "Koba Colombia",
        "addr_full": null,
        "addr_street": "Carrera 4",
        "addr_housenumber": null,
        "addr_city": "Guachetá",
        "addr_state": null,
        "addr_postcode": null,
        "opening_hours": "Mo-Su 09:00-21:00",
        "phone": null,
        "website": null
      }
    },
    {
      "type": "Feature",
      "geometry": {
        "type": "Point",
        "coordinates": [
          -77.0211105,
          3.8778242
        ]
      },
      "properties": {
        "osm_id": 8723079229,
        "osm_type": "node",
        "name": "D1",
        "brand": "D1",
        "operator": null,
        "addr_full": null,
        "addr_street": null,
        "addr_housenumber": null,
        "addr_city": null,
        "addr_state": null,
        "addr_postcode": null,
        "opening_hours": null,
        "phone": null,
        "website": null
      }
    },
    {
      "type": "Feature",
      "geometry": {
        "type": "Point",
        "coordinates": [
          -77.1562908,
          1.3841733
        ]
      },
      "properties": {
        "osm_id": 8729507776,
        "osm_type": "node",
        "name": "Tiendas D1",
        "brand": "D1",
        "operator": null,
        "addr_full": null,
        "addr_street": null,
        "addr_housenumber": null,
        "addr_city": null,
        "addr_state": null,
        "addr_postcode": null,
        "opening_hours": null,
        "phone": null,
        "website": null
      }
    },
    {
      "type": "Feature",
      "geometry": {
        "type": "Point",
        "coordinates": [
          -72.4867207,
          7.9188212
        ]
      },
      "properties": {
        "osm_id": 8739860714,
        "osm_type": "node",
        "name": "D1",
        "brand": "D1",
        "operator": null,
        "addr_full": null,
        "addr_street": null,
        "addr_housenumber": null,
        "addr_city": null,
        "addr_state": null,
        "addr_postcode": null,
        "opening_hours": "Mo-Su 07:00-20:00",
        "phone": null,
        "website": null
      }
    },
    {
      "type": "Feature",
      "geometry": {
        "type": "Point",
        "coordinates": [
          -73.1067322,
          7.0615421
        ]
      },
      "properties": {
        "osm_id": 8750477641,
        "osm_type": "node",
        "name": "TIENDAS D1",
        "brand": null,
        "operator": null,
        "addr_full": null,
        "addr_street": null,
        "addr_housenumber": null,
        "addr_city": null,
        "addr_state": null,
        "addr_postcode": null,
        "opening_hours": null,
        "phone": null,
        "website": null
      }
    },
    {
      "type": "Feature",
      "geometry": {
        "type": "Point",
        "coordinates": [
          -74.093427,
          4.7059699
        ]
      },
      "properties": {
        "osm_id": 8780106618,
        "osm_type": "node",
        "name": "D1",
        "brand": "D1",
        "operator": null,
        "addr_full": null,
        "addr_street": null,
        "addr_housenumber": null,
        "addr_city": null,
        "addr_state": null,
        "addr_postcode": null,
        "opening_hours": null,
        "phone": null,
        "website": "https://d1.com.co/"
      }
    },
    {
      "type": "Feature",
      "geometry": {
        "type": "Point",
        "coordinates": [
          -72.8961764,
          4.8785816
        ]
      },
      "properties": {
        "osm_id": 8787353619,
        "osm_type": "node",
        "name": "Tiendas D1",
        "brand": null,
        "operator": null,
        "addr_full": null,
        "addr_street": null,
        "addr_housenumber": null,
        "addr_city": null,
        "addr_state": null,
        "addr_postcode": null,
        "opening_hours": null,
        "phone": null,
        "website": null
      }
    },
    {
      "type": "Feature",
      "geometry": {
        "type": "Point",
        "coordinates": [
          -75.7196432,
          4.4280542
        ]
      },
      "properties": {
        "osm_id": 8870955670,
        "osm_type": "node",
        "name": "Tiendas D1",
        "brand": null,
        "operator": null,
        "addr_full": null,
        "addr_street": null,
        "addr_housenumber": null,
        "addr_city": null,
        "addr_state": null,
        "addr_postcode": null,
        "opening_hours": null,
        "phone": null,
        "website": "https://d1.com.co/"
      }
    },
    {
      "type": "Feature",
      "geometry": {
        "type": "Point",
        "coordinates": [
          -75.6510939,
          4.5678333
        ]
      },
      "properties": {
        "osm_id": 8910225528,
        "osm_type": "node",
        "name": "D1",
        "brand": "D1",
        "operator": null,
        "addr_full": null,
        "addr_street": "Avenida 19 de Enero",
        "addr_housenumber": null,
        "addr_city": "Armenia",
        "addr_state": null,
        "addr_postcode": null,
        "opening_hours": null,
        "phone": null,
        "website": null
      }
    },
    {
      "type": "Feature",
      "geometry": {
        "type": "Point",
        "coordinates": [
          -74.0450283,
          4.7209327
        ]
      },
      "properties": {
        "osm_id": 8929348005,
        "osm_type": "node",
        "name": "D1",
        "brand": "D1",
        "operator": null,
        "addr_full": null,
        "addr_street": null,
        "addr_housenumber": null,
        "addr_city": null,
        "addr_state": null,
        "addr_postcode": null,
        "opening_hours": null,
        "phone": null,
        "website": "https://d1.com.co/"
      }
    },
    {
      "type": "Feature",
      "geometry": {
        "type": "Point",
        "coordinates": [
          -76.4963759,
          3.5843342
        ]
      },
      "properties": {
        "osm_id": 8972737127,
        "osm_type": "node",
        "name": "Tiendas D1",
        "brand": null,
        "operator": null,
        "addr_full": null,
        "addr_street": null,
        "addr_housenumber": null,
        "addr_city": null,
        "addr_state": null,
        "addr_postcode": null,
        "opening_hours": null,
        "phone": null,
        "website": null
      }
    },
    {
      "type": "Feature",
      "geometry": {
        "type": "Point",
        "coordinates": [
          -75.6628288,
          4.5451261
        ]
      },
      "properties": {
        "osm_id": 9007484374,
        "osm_type": "node",
        "name": "D1",
        "brand": "D1",
        "operator": null,
        "addr_full": null,
        "addr_street": null,
        "addr_housenumber": null,
        "addr_city": null,
        "addr_state": null,
        "addr_postcode": null,
        "opening_hours": null,
        "phone": null,
        "website": null
      }
    },
    {
      "type": "Feature",
      "geometry": {
        "type": "Point",
        "coordinates": [
          -75.5534125,
          6.2734341
        ]
      },
      "properties": {
        "osm_id": 9081190287,
        "osm_type": "node",
        "name": "Tiendas D1",
        "brand": null,
        "operator": null,
        "addr_full": null,
        "addr_street": null,
        "addr_housenumber": null,
        "addr_city": null,
        "addr_state": null,
        "addr_postcode": null,
        "opening_hours": null,
        "phone": null,
        "website": null
      }
    },
    {
      "type": "Feature",
      "geometry": {
        "type": "Point",
        "coordinates": [
          -75.5567261,
          6.2704615
        ]
      },
      "properties": {
        "osm_id": 9081194965,
        "osm_type": "node",
        "name": "Tiendas D1",
        "brand": null,
        "operator": null,
        "addr_full": null,
        "addr_street": null,
        "addr_housenumber": null,
        "addr_city": null,
        "addr_state": null,
        "addr_postcode": null,
        "opening_hours": null,
        "phone": null,
        "website": null
      }
    },
    {
      "type": "Feature",
      "geometry": {
        "type": "Point",
        "coordinates": [
          -75.1602975,
          6.2333219
        ]
      },
      "properties": {
        "osm_id": 9092381518,
        "osm_type": "node",
        "name": "D1",
        "brand": null,
        "operator": null,
        "addr_full": null,
        "addr_street": null,
        "addr_housenumber": null,
        "addr_city": null,
        "addr_state": null,
        "addr_postcode": null,
        "opening_hours": null,
        "phone": null,
        "website": null
      }
    },
    {
      "type": "Feature",
      "geometry": {
        "type": "Point",
        "coordinates": [
          -75.5967893,
          6.2526135
        ]
      },
      "properties": {
        "osm_id": 9198270000,
        "osm_type": "node",
        "name": "Tienda D1",
        "brand": null,
        "operator": null,
        "addr_full": null,
        "addr_street": null,
        "addr_housenumber": null,
        "addr_city": null,
        "addr_state": null,
        "addr_postcode": null,
        "opening_hours": null,
        "phone": null,
        "website": null
      }
    },
    {
      "type": "Feature",
      "geometry": {
        "type": "Point",
        "coordinates": [
          -75.5980764,
          6.2581639
        ]
      },
      "properties": {
        "osm_id": 9198830345,
        "osm_type": "node",
        "name": "D1",
        "brand": "D1",
        "operator": null,
        "addr_full": null,
        "addr_street": null,
        "addr_housenumber": null,
        "addr_city": null,
        "addr_state": null,
        "addr_postcode": null,
        "opening_hours": null,
        "phone": null,
        "website": null
      }
    },
    {
      "type": "Feature",
      "geometry": {
        "type": "Point",
        "coordinates": [
          -75.5978207,
          6.2576875
        ]
      },
      "properties": {
        "osm_id": 9198830346,
        "osm_type": "node",
        "name": "D1",
        "brand": "D1",
        "operator": null,
        "addr_full": null,
        "addr_street": null,
        "addr_housenumber": null,
        "addr_city": null,
        "addr_state": null,
        "addr_postcode": null,
        "opening_hours": null,
        "phone": null,
        "website": null
      }
    },
    {
      "type": "Feature",
      "geometry": {
        "type": "Point",
        "coordinates": [
          -75.5887478,
          6.2607888
        ]
      },
      "properties": {
        "osm_id": 9211417458,
        "osm_type": "node",
        "name": "Tiendas D1",
        "brand": null,
        "operator": null,
        "addr_full": null,
        "addr_street": null,
        "addr_housenumber": null,
        "addr_city": null,
        "addr_state": null,
        "addr_postcode": null,
        "opening_hours": null,
        "phone": null,
        "website": null
      }
    },
    {
      "type": "Feature",
      "geometry": {
        "type": "Point",
        "coordinates": [
          -73.8937858,
          4.4851524
        ]
      },
      "properties": {
        "osm_id": 9216335387,
        "osm_type": "node",
        "name": "D1",
        "brand": "D1",
        "operator": "Tiendas D1",
        "addr_full": null,
        "addr_street": "Carrera 4",
        "addr_housenumber": "3-75",
        "addr_city": "Fómeque",
        "addr_state": null,
        "addr_postcode": "251640",
        "opening_hours": null,
        "phone": null,
        "website": null
      }
    },
    {
      "type": "Feature",
      "geometry": {
        "type": "Point",
        "coordinates": [
          -72.4076366,
          5.3280264
        ]
      },
      "properties": {
        "osm_id": 9234224824,
        "osm_type": "node",
        "name": "D1",
        "brand": "D1",
        "operator": null,
        "addr_full": null,
        "addr_street": null,
        "addr_housenumber": null,
        "addr_city": null,
        "addr_state": null,
        "addr_postcode": null,
        "opening_hours": null,
        "phone": null,
        "website": null
      }
    },
    {
      "type": "Feature",
      "geometry": {
        "type": "Point",
        "coordinates": [
          -76.5407811,
          3.4028516
        ]
      },
      "properties": {
        "osm_id": 9234319300,
        "osm_type": "node",
        "name": "D1",
        "brand": null,
        "operator": null,
        "addr_full": null,
        "addr_street": null,
        "addr_housenumber": null,
        "addr_city": null,
        "addr_state": null,
        "addr_postcode": null,
        "opening_hours": null,
        "phone": null,
        "website": null
      }
    },
    {
      "type": "Feature",
      "geometry": {
        "type": "Point",
        "coordinates": [
          -73.3645755,
          8.2672989
        ]
      },
      "properties": {
        "osm_id": 9254137052,
        "osm_type": "node",
        "name": "D1",
        "brand": "D1",
        "operator": null,
        "addr_full": null,
        "addr_street": null,
        "addr_housenumber": null,
        "addr_city": null,
        "addr_state": null,
        "addr_postcode": null,
        "opening_hours": null,
        "phone": null,
        "website": null
      }
    },
    {
      "type": "Feature",
      "geometry": {
        "type": "Point",
        "coordinates": [
          -74.0297009,
          4.7168338
        ]
      },
      "properties": {
        "osm_id": 9293819714,
        "osm_type": "node",
        "name": "D1",
        "brand": "D1",
        "operator": null,
        "addr_full": null,
        "addr_street": null,
        "addr_housenumber": null,
        "addr_city": null,
        "addr_state": null,
        "addr_postcode": null,
        "opening_hours": null,
        "phone": null,
        "website": "https://d1.com.co/"
      }
    },
    {
      "type": "Feature",
      "geometry": {
        "type": "Point",
        "coordinates": [
          -75.669781,
          7.8891187
        ]
      },
      "properties": {
        "osm_id": 9309094346,
        "osm_type": "node",
        "name": "D1",
        "brand": "D1",
        "operator": null,
        "addr_full": null,
        "addr_street": null,
        "addr_housenumber": null,
        "addr_city": null,
        "addr_state": null,
        "addr_postcode": null,
        "opening_hours": null,
        "phone": null,
        "website": null
      }
    },
    {
      "type": "Feature",
      "geometry": {
        "type": "Point",
        "coordinates": [
          -75.5706228,
          4.6379407
        ]
      },
      "properties": {
        "osm_id": 9318978189,
        "osm_type": "node",
        "name": "D1",
        "brand": null,
        "operator": null,
        "addr_full": null,
        "addr_street": null,
        "addr_housenumber": null,
        "addr_city": null,
        "addr_state": null,
        "addr_postcode": null,
        "opening_hours": "Mo-Su,PH 08:00-21:00",
        "phone": null,
        "website": null
      }
    },
    {
      "type": "Feature",
      "geometry": {
        "type": "Point",
        "coordinates": [
          -73.1087961,
          7.1111825
        ]
      },
      "properties": {
        "osm_id": 9364061730,
        "osm_type": "node",
        "name": "Tiendas D1",
        "brand": null,
        "operator": null,
        "addr_full": null,
        "addr_street": "Carrera 35",
        "addr_housenumber": null,
        "addr_city": null,
        "addr_state": null,
        "addr_postcode": null,
        "opening_hours": null,
        "phone": null,
        "website": null
      }
    },
    {
      "type": "Feature",
      "geometry": {
        "type": "Point",
        "coordinates": [
          -75.7856827,
          5.7895464
        ]
      },
      "properties": {
        "osm_id": 9371400817,
        "osm_type": "node",
        "name": "Tienda D1",
        "brand": null,
        "operator": null,
        "addr_full": null,
        "addr_street": "Carrera 7",
        "addr_housenumber": "7",
        "addr_city": null,
        "addr_state": null,
        "addr_postcode": null,
        "opening_hours": "Mo-Su 07:00-21:00",
        "phone": null,
        "website": null
      }
    },
    {
      "type": "Feature",
      "geometry": {
        "type": "Point",
        "coordinates": [
          -75.5916222,
          6.2454266
        ]
      },
      "properties": {
        "osm_id": 9382716617,
        "osm_type": "node",
        "name": "Tienda D1",
        "brand": null,
        "operator": null,
        "addr_full": null,
        "addr_street": "Circular 3",
        "addr_housenumber": null,
        "addr_city": null,
        "addr_state": null,
        "addr_postcode": null,
        "opening_hours": "Mo-Su 08:00-21:00",
        "phone": null,
        "website": null
      }
    },
    {
      "type": "Feature",
      "geometry": {
        "type": "Point",
        "coordinates": [
          -76.4952548,
          3.4342272
        ]
      },
      "properties": {
        "osm_id": 9402649642,
        "osm_type": "node",
        "name": "D1",
        "brand": null,
        "operator": null,
        "addr_full": null,
        "addr_street": null,
        "addr_housenumber": null,
        "addr_city": null,
        "addr_state": null,
        "addr_postcode": null,
        "opening_hours": null,
        "phone": null,
        "website": null
      }
    },
    {
      "type": "Feature",
      "geometry": {
        "type": "Point",
        "coordinates": [
          -76.4828651,
          3.4582847
        ]
      },
      "properties": {
        "osm_id": 9402653409,
        "osm_type": "node",
        "name": "D1",
        "brand": null,
        "operator": null,
        "addr_full": null,
        "addr_street": null,
        "addr_housenumber": null,
        "addr_city": null,
        "addr_state": null,
        "addr_postcode": null,
        "opening_hours": null,
        "phone": null,
        "website": null
      }
    },
    {
      "type": "Feature",
      "geometry": {
        "type": "Point",
        "coordinates": [
          -76.5095153,
          3.2312868
        ]
      },
      "properties": {
        "osm_id": 9402662000,
        "osm_type": "node",
        "name": "D1",
        "brand": null,
        "operator": null,
        "addr_full": null,
        "addr_street": null,
        "addr_housenumber": null,
        "addr_city": null,
        "addr_state": null,
        "addr_postcode": null,
        "opening_hours": null,
        "phone": null,
        "website": null
      }
    },
    {
      "type": "Feature",
      "geometry": {
        "type": "Point",
        "coordinates": [
          -73.1683407,
          7.0659489
        ]
      },
      "properties": {
        "osm_id": 9403941020,
        "osm_type": "node",
        "name": "Tienda D1",
        "brand": null,
        "operator": null,
        "addr_full": null,
        "addr_street": null,
        "addr_housenumber": null,
        "addr_city": null,
        "addr_state": null,
        "addr_postcode": null,
        "opening_hours": "Mo-Su 06:00-21:00",
        "phone": null,
        "website": null
      }
    },
    {
      "type": "Feature",
      "geometry": {
        "type": "Point",
        "coordinates": [
          -73.9484167,
          6.3145481
        ]
      },
      "properties": {
        "osm_id": 9404090823,
        "osm_type": "node",
        "name": "Tienda D1",
        "brand": null,
        "operator": null,
        "addr_full": null,
        "addr_street": null,
        "addr_housenumber": null,
        "addr_city": null,
        "addr_state": null,
        "addr_postcode": null,
        "opening_hours": null,
        "phone": null,
        "website": null
      }
    },
    {
      "type": "Feature",
      "geometry": {
        "type": "Point",
        "coordinates": [
          -76.5088241,
          3.432094
        ]
      },
      "properties": {
        "osm_id": 9404551480,
        "osm_type": "node",
        "name": "D1",
        "brand": null,
        "operator": null,
        "addr_full": null,
        "addr_street": null,
        "addr_housenumber": null,
        "addr_city": null,
        "addr_state": null,
        "addr_postcode": null,
        "opening_hours": null,
        "phone": null,
        "website": null
      }
    },
    {
      "type": "Feature",
      "geometry": {
        "type": "Point",
        "coordinates": [
          -76.5022302,
          3.4317876
        ]
      },
      "properties": {
        "osm_id": 9404615429,
        "osm_type": "node",
        "name": "D1",
        "brand": null,
        "operator": null,
        "addr_full": null,
        "addr_street": null,
        "addr_housenumber": null,
        "addr_city": null,
        "addr_state": null,
        "addr_postcode": null,
        "opening_hours": null,
        "phone": null,
        "website": null
      }
    },
    {
      "type": "Feature",
      "geometry": {
        "type": "Point",
        "coordinates": [
          -76.5189093,
          3.4793806
        ]
      },
      "properties": {
        "osm_id": 9404661169,
        "osm_type": "node",
        "name": "D1",
        "brand": null,
        "operator": null,
        "addr_full": null,
        "addr_street": null,
        "addr_housenumber": null,
        "addr_city": null,
        "addr_state": null,
        "addr_postcode": null,
        "opening_hours": null,
        "phone": null,
        "website": null
      }
    },
    {
      "type": "Feature",
      "geometry": {
        "type": "Point",
        "coordinates": [
          -76.4996374,
          3.4815558
        ]
      },
      "properties": {
        "osm_id": 9404664800,
        "osm_type": "node",
        "name": "D1",
        "brand": null,
        "operator": null,
        "addr_full": null,
        "addr_street": null,
        "addr_housenumber": null,
        "addr_city": null,
        "addr_state": null,
        "addr_postcode": null,
        "opening_hours": null,
        "phone": null,
        "website": null
      }
    },
    {
      "type": "Feature",
      "geometry": {
        "type": "Point",
        "coordinates": [
          -73.1340424,
          7.1531018
        ]
      },
      "properties": {
        "osm_id": 9408693317,
        "osm_type": "node",
        "name": "Tienda D1",
        "brand": null,
        "operator": null,
        "addr_full": null,
        "addr_street": "Calle 17 Norte",
        "addr_housenumber": null,
        "addr_city": null,
        "addr_state": null,
        "addr_postcode": null,
        "opening_hours": "Mo-Su 07:00-21:00",
        "phone": null,
        "website": null
      }
    },
    {
      "type": "Feature",
      "geometry": {
        "type": "Point",
        "coordinates": [
          -73.1251448,
          7.1209344
        ]
      },
      "properties": {
        "osm_id": 9413746217,
        "osm_type": "node",
        "name": "D1",
        "brand": "D1",
        "operator": null,
        "addr_full": null,
        "addr_street": "Calle 33",
        "addr_housenumber": null,
        "addr_city": null,
        "addr_state": null,
        "addr_postcode": null,
        "opening_hours": "Mo-Sa 07:00-20:00; Su 08:00-18:00",
        "phone": null,
        "website": null
      }
    },
    {
      "type": "Feature",
      "geometry": {
        "type": "Point",
        "coordinates": [
          -73.0520087,
          6.9850631
        ]
      },
      "properties": {
        "osm_id": 9416635317,
        "osm_type": "node",
        "name": "Tienda D1",
        "brand": null,
        "operator": null,
        "addr_full": null,
        "addr_street": "Carrera 5",
        "addr_housenumber": null,
        "addr_city": null,
        "addr_state": null,
        "addr_postcode": null,
        "opening_hours": "Mo-Fr 06:00-20:00; Sa 06:00-21:00; Su 06:00-19:00",
        "phone": null,
        "website": null
      }
    },
    {
      "type": "Feature",
      "geometry": {
        "type": "Point",
        "coordinates": [
          -73.1267016,
          6.5550242
        ]
      },
      "properties": {
        "osm_id": 9424052417,
        "osm_type": "node",
        "name": "Tienda D1",
        "brand": null,
        "operator": null,
        "addr_full": null,
        "addr_street": "Carrera 5",
        "addr_housenumber": "6-43",
        "addr_city": null,
        "addr_state": null,
        "addr_postcode": null,
        "opening_hours": "Mo-Su 07:00-21:00",
        "phone": null,
        "website": null
      }
    },
    {
      "type": "Feature",
      "geometry": {
        "type": "Point",
        "coordinates": [
          -74.0462782,
          4.8627621
        ]
      },
      "properties": {
        "osm_id": 9425601328,
        "osm_type": "node",
        "name": "D1",
        "brand": null,
        "operator": null,
        "addr_full": null,
        "addr_street": null,
        "addr_housenumber": null,
        "addr_city": null,
        "addr_state": null,
        "addr_postcode": null,
        "opening_hours": null,
        "phone": null,
        "website": null
      }
    },
    {
      "type": "Feature",
      "geometry": {
        "type": "Point",
        "coordinates": [
          -75.6905002,
          4.5074194
        ]
      },
      "properties": {
        "osm_id": 9426899029,
        "osm_type": "node",
        "name": "D1",
        "brand": "D1",
        "operator": null,
        "addr_full": null,
        "addr_street": null,
        "addr_housenumber": null,
        "addr_city": null,
        "addr_state": null,
        "addr_postcode": null,
        "opening_hours": null,
        "phone": null,
        "website": null
      }
    },
    {
      "type": "Feature",
      "geometry": {
        "type": "Point",
        "coordinates": [
          -76.4994959,
          3.481473
        ]
      },
      "properties": {
        "osm_id": 9438276716,
        "osm_type": "node",
        "name": "D1",
        "brand": null,
        "operator": null,
        "addr_full": null,
        "addr_street": null,
        "addr_housenumber": null,
        "addr_city": null,
        "addr_state": null,
        "addr_postcode": null,
        "opening_hours": null,
        "phone": null,
        "website": null
      }
    },
    {
      "type": "Feature",
      "geometry": {
        "type": "Point",
        "coordinates": [
          -73.1392532,
          6.5550718
        ]
      },
      "properties": {
        "osm_id": 9450315617,
        "osm_type": "node",
        "name": "D1",
        "brand": "D1",
        "operator": null,
        "addr_full": null,
        "addr_street": "Carrera 12 (Avenida Santander)",
        "addr_housenumber": null,
        "addr_city": null,
        "addr_state": null,
        "addr_postcode": null,
        "opening_hours": "Mo-Su 07:00-21:00",
        "phone": null,
        "website": null
      }
    },
    {
      "type": "Feature",
      "geometry": {
        "type": "Point",
        "coordinates": [
          -74.1877364,
          11.2408744
        ]
      },
      "properties": {
        "osm_id": 9459030517,
        "osm_type": "node",
        "name": "D1",
        "brand": null,
        "operator": null,
        "addr_full": null,
        "addr_street": "Avenida del Libertador",
        "addr_housenumber": "24-??",
        "addr_city": null,
        "addr_state": null,
        "addr_postcode": null,
        "opening_hours": "Mo-Su 07:00-21:00",
        "phone": null,
        "website": null
      }
    },
    {
      "type": "Feature",
      "geometry": {
        "type": "Point",
        "coordinates": [
          -74.2509288,
          11.006461
        ]
      },
      "properties": {
        "osm_id": 9466543417,
        "osm_type": "node",
        "name": "D1",
        "brand": null,
        "operator": null,
        "addr_full": null,
        "addr_street": null,
        "addr_housenumber": null,
        "addr_city": null,
        "addr_state": null,
        "addr_postcode": null,
        "opening_hours": "Mo-Su 07:00-21:00",
        "phone": null,
        "website": null
      }
    },
    {
      "type": "Feature",
      "geometry": {
        "type": "Point",
        "coordinates": [
          -74.8032293,
          11.0253466
        ]
      },
      "properties": {
        "osm_id": 9469483517,
        "osm_type": "node",
        "name": "D1",
        "brand": null,
        "operator": null,
        "addr_full": null,
        "addr_street": "Vía 40",
        "addr_housenumber": null,
        "addr_city": null,
        "addr_state": null,
        "addr_postcode": null,
        "opening_hours": "Mo-Su 07:00-21:00",
        "phone": null,
        "website": null
      }
    },
    {
      "type": "Feature",
      "geometry": {
        "type": "Point",
        "coordinates": [
          -74.9581064,
          10.9882233
        ]
      },
      "properties": {
        "osm_id": 9470359420,
        "osm_type": "node",
        "name": "D1",
        "brand": null,
        "operator": null,
        "addr_full": null,
        "addr_street": null,
        "addr_housenumber": null,
        "addr_city": null,
        "addr_state": null,
        "addr_postcode": null,
        "opening_hours": "Mo-Su 07:00-20:00",
        "phone": null,
        "website": null
      }
    },
    {
      "type": "Feature",
      "geometry": {
        "type": "Point",
        "coordinates": [
          -75.5478511,
          10.4232277
        ]
      },
      "properties": {
        "osm_id": 9476607119,
        "osm_type": "node",
        "name": "D1",
        "brand": "D1",
        "operator": null,
        "addr_full": null,
        "addr_street": "Avenida Daniel Lemaitre",
        "addr_housenumber": null,
        "addr_city": null,
        "addr_state": null,
        "addr_postcode": null,
        "opening_hours": "Mo-Su 07:00-21:00",
        "phone": null,
        "website": null
      }
    },
    {
      "type": "Feature",
      "geometry": {
        "type": "Point",
        "coordinates": [
          -75.4900903,
          10.4065311
        ]
      },
      "properties": {
        "osm_id": 9487067017,
        "osm_type": "node",
        "name": "D1",
        "brand": "D1",
        "operator": null,
        "addr_full": null,
        "addr_street": "Calle 31D",
        "addr_housenumber": null,
        "addr_city": null,
        "addr_state": null,
        "addr_postcode": null,
        "opening_hours": "Mo-Su 07:00-20:00",
        "phone": null,
        "website": null
      }
    },
    {
      "type": "Feature",
      "geometry": {
        "type": "Point",
        "coordinates": [
          -74.0871189,
          4.6491261
        ]
      },
      "properties": {
        "osm_id": 9492898517,
        "osm_type": "node",
        "name": "D1",
        "brand": "D1",
        "operator": null,
        "addr_full": null,
        "addr_street": "Carrera 53",
        "addr_housenumber": null,
        "addr_city": null,
        "addr_state": null,
        "addr_postcode": null,
        "opening_hours": "Mo-Sa 08:00-21:00; Su 08:00-20:00",
        "phone": null,
        "website": "https://d1.com.co/"
      }
    },
    {
      "type": "Feature",
      "geometry": {
        "type": "Point",
        "coordinates": [
          -74.0546973,
          4.6694405
        ]
      },
      "properties": {
        "osm_id": 9496678617,
        "osm_type": "node",
        "name": "D1",
        "brand": "D1",
        "operator": null,
        "addr_full": null,
        "addr_street": null,
        "addr_housenumber": null,
        "addr_city": null,
        "addr_state": null,
        "addr_postcode": null,
        "opening_hours": null,
        "phone": null,
        "website": "https://d1.com.co/"
      }
    },
    {
      "type": "Feature",
      "geometry": {
        "type": "Point",
        "coordinates": [
          -74.0611749,
          4.6595541
        ]
      },
      "properties": {
        "osm_id": 9498663617,
        "osm_type": "node",
        "name": "D1",
        "brand": "D1",
        "operator": null,
        "addr_full": null,
        "addr_street": "Avenida Carrera 15",
        "addr_housenumber": null,
        "addr_city": null,
        "addr_state": null,
        "addr_postcode": null,
        "opening_hours": null,
        "phone": null,
        "website": "https://d1.com.co/"
      }
    },
    {
      "type": "Feature",
      "geometry": {
        "type": "Point",
        "coordinates": [
          -74.0667157,
          4.6277107
        ]
      },
      "properties": {
        "osm_id": 9499411617,
        "osm_type": "node",
        "name": "D1",
        "brand": "D1",
        "operator": null,
        "addr_full": null,
        "addr_street": "Calle 40B",
        "addr_housenumber": null,
        "addr_city": null,
        "addr_state": null,
        "addr_postcode": null,
        "opening_hours": null,
        "phone": null,
        "website": "https://d1.com.co/"
      }
    },
    {
      "type": "Feature",
      "geometry": {
        "type": "Point",
        "coordinates": [
          -74.0700398,
          4.6005597
        ]
      },
      "properties": {
        "osm_id": 9499411618,
        "osm_type": "node",
        "name": "D1",
        "brand": "D1",
        "operator": null,
        "addr_full": null,
        "addr_street": null,
        "addr_housenumber": null,
        "addr_city": null,
        "addr_state": null,
        "addr_postcode": null,
        "opening_hours": "Mo-Sa 08:00-21:00; Su 08:00-20:00",
        "phone": null,
        "website": "https://d1.com.co/"
      }
    },
    {
      "type": "Feature",
      "geometry": {
        "type": "Point",
        "coordinates": [
          -74.067382,
          4.6360766
        ]
      },
      "properties": {
        "osm_id": 9501137417,
        "osm_type": "node",
        "name": "D1",
        "brand": "D1",
        "operator": null,
        "addr_full": null,
        "addr_street": "Avenida Carrera 14",
        "addr_housenumber": null,
        "addr_city": null,
        "addr_state": null,
        "addr_postcode": null,
        "opening_hours": "Mo-Sa 07:00-21:00; Su 08:00-21:00",
        "phone": null,
        "website": "https://d1.com.co/"
      }
    },
    {
      "type": "Feature",
      "geometry": {
        "type": "Point",
        "coordinates": [
          -74.0566435,
          4.6658285
        ]
      },
      "properties": {
        "osm_id": 9501838317,
        "osm_type": "node",
        "name": "D1",
        "brand": "D1",
        "operator": null,
        "addr_full": null,
        "addr_street": "Carrera 14",
        "addr_housenumber": null,
        "addr_city": null,
        "addr_state": null,
        "addr_postcode": null,
        "opening_hours": "Mo-Su 08:00-21:00",
        "phone": null,
        "website": "https://d1.com.co/"
      }
    },
    {
      "type": "Feature",
      "geometry": {
        "type": "Point",
        "coordinates": [
          -74.0778926,
          4.6603353
        ]
      },
      "properties": {
        "osm_id": 9503248117,
        "osm_type": "node",
        "name": "D1",
        "brand": "D1",
        "operator": null,
        "addr_full": null,
        "addr_street": "Avenida Carrera 30",
        "addr_housenumber": null,
        "addr_city": null,
        "addr_state": null,
        "addr_postcode": null,
        "opening_hours": "Mo-Su 08:00-21:00",
        "phone": null,
        "website": "https://d1.com.co/"
      }
    },
    {
      "type": "Feature",
      "geometry": {
        "type": "Point",
        "coordinates": [
          -74.0570831,
          4.691377
        ]
      },
      "properties": {
        "osm_id": 9505698818,
        "osm_type": "node",
        "name": "D1",
        "brand": "D1",
        "operator": null,
        "addr_full": null,
        "addr_street": "Avenida Carrera 45",
        "addr_housenumber": null,
        "addr_city": null,
        "addr_state": null,
        "addr_postcode": null,
        "opening_hours": "Mo-Su 07:00-20:00",
        "phone": null,
        "website": "https://d1.com.co/"
      }
    },
    {
      "type": "Feature",
      "geometry": {
        "type": "Point",
        "coordinates": [
          -74.0552377,
          4.6952072
        ]
      },
      "properties": {
        "osm_id": 9505699017,
        "osm_type": "node",
        "name": "D1",
        "brand": "D1",
        "operator": null,
        "addr_full": null,
        "addr_street": "Avenida Carrera 45",
        "addr_housenumber": null,
        "addr_city": null,
        "addr_state": null,
        "addr_postcode": null,
        "opening_hours": "Mo-Sa 07:00-20:00; Su 08:00-20:00",
        "phone": null,
        "website": "https://d1.com.co/"
      }
    },
    {
      "type": "Feature",
      "geometry": {
        "type": "Point",
        "coordinates": [
          -74.0596081,
          4.6758191
        ]
      },
      "properties": {
        "osm_id": 9506341219,
        "osm_type": "node",
        "name": "D1",
        "brand": "D1",
        "operator": null,
        "addr_full": null,
        "addr_street": "Avenida Carrera 20",
        "addr_housenumber": "87-51",
        "addr_city": null,
        "addr_state": null,
        "addr_postcode": null,
        "opening_hours": "Mo-Su 08:00-21:00",
        "phone": null,
        "website": "https://d1.com.co/"
      }
    },
    {
      "type": "Feature",
      "geometry": {
        "type": "Point",
        "coordinates": [
          -75.4592104,
          6.6487996
        ]
      },
      "properties": {
        "osm_id": 9517952681,
        "osm_type": "node",
        "name": "D1",
        "brand": "D1",
        "operator": null,
        "addr_full": null,
        "addr_street": null,
        "addr_housenumber": null,
        "addr_city": null,
        "addr_state": null,
        "addr_postcode": null,
        "opening_hours": null,
        "phone": null,
        "website": null
      }
    },
    {
      "type": "Feature",
      "geometry": {
        "type": "Point",
        "coordinates": [
          -75.5815817,
          6.2399919
        ]
      },
      "properties": {
        "osm_id": 9560891217,
        "osm_type": "node",
        "name": "D1",
        "brand": "D1",
        "operator": null,
        "addr_full": null,
        "addr_street": null,
        "addr_housenumber": null,
        "addr_city": null,
        "addr_state": null,
        "addr_postcode": null,
        "opening_hours": null,
        "phone": null,
        "website": null
      }
    },
    {
      "type": "Feature",
      "geometry": {
        "type": "Point",
        "coordinates": [
          -75.5909078,
          6.2502239
        ]
      },
      "properties": {
        "osm_id": 9583258117,
        "osm_type": "node",
        "name": "D1",
        "brand": "D1",
        "operator": null,
        "addr_full": null,
        "addr_street": null,
        "addr_housenumber": null,
        "addr_city": null,
        "addr_state": null,
        "addr_postcode": null,
        "opening_hours": null,
        "phone": null,
        "website": null
      }
    },
    {
      "type": "Feature",
      "geometry": {
        "type": "Point",
        "coordinates": [
          -75.6111811,
          6.2437766
        ]
      },
      "properties": {
        "osm_id": 9583401217,
        "osm_type": "node",
        "name": "D1",
        "brand": "D1",
        "operator": null,
        "addr_full": null,
        "addr_street": null,
        "addr_housenumber": null,
        "addr_city": null,
        "addr_state": null,
        "addr_postcode": null,
        "opening_hours": "Mo-Su,PH 08:00-21:00",
        "phone": null,
        "website": null
      }
    },
    {
      "type": "Feature",
      "geometry": {
        "type": "Point",
        "coordinates": [
          -75.8918617,
          8.7427222
        ]
      },
      "properties": {
        "osm_id": 9584075762,
        "osm_type": "node",
        "name": "D1",
        "brand": null,
        "operator": null,
        "addr_full": null,
        "addr_street": null,
        "addr_housenumber": null,
        "addr_city": null,
        "addr_state": null,
        "addr_postcode": null,
        "opening_hours": null,
        "phone": null,
        "website": null
      }
    },
    {
      "type": "Feature",
      "geometry": {
        "type": "Point",
        "coordinates": [
          -72.5204885,
          7.9257922
        ]
      },
      "properties": {
        "osm_id": 9631661022,
        "osm_type": "node",
        "name": "D1",
        "brand": "D1",
        "operator": null,
        "addr_full": null,
        "addr_street": null,
        "addr_housenumber": null,
        "addr_city": null,
        "addr_state": null,
        "addr_postcode": null,
        "opening_hours": null,
        "phone": null,
        "website": null
      }
    },
    {
      "type": "Feature",
      "geometry": {
        "type": "Point",
        "coordinates": [
          -75.6725047,
          4.5420884
        ]
      },
      "properties": {
        "osm_id": 9665917772,
        "osm_type": "node",
        "name": "D1",
        "brand": "D1",
        "operator": null,
        "addr_full": null,
        "addr_street": null,
        "addr_housenumber": null,
        "addr_city": null,
        "addr_state": null,
        "addr_postcode": null,
        "opening_hours": null,
        "phone": null,
        "website": null
      }
    },
    {
      "type": "Feature",
      "geometry": {
        "type": "Point",
        "coordinates": [
          -75.6083491,
          6.244965
        ]
      },
      "properties": {
        "osm_id": 9720690917,
        "osm_type": "node",
        "name": "D1",
        "brand": null,
        "operator": null,
        "addr_full": null,
        "addr_street": null,
        "addr_housenumber": null,
        "addr_city": null,
        "addr_state": null,
        "addr_postcode": null,
        "opening_hours": null,
        "phone": null,
        "website": null
      }
    },
    {
      "type": "Feature",
      "geometry": {
        "type": "Point",
        "coordinates": [
          -75.5730727,
          6.2295932
        ]
      },
      "properties": {
        "osm_id": 9738500018,
        "osm_type": "node",
        "name": "D1",
        "brand": "D1",
        "operator": null,
        "addr_full": null,
        "addr_street": null,
        "addr_housenumber": null,
        "addr_city": null,
        "addr_state": null,
        "addr_postcode": null,
        "opening_hours": null,
        "phone": null,
        "website": null
      }
    },
    {
      "type": "Feature",
      "geometry": {
        "type": "Point",
        "coordinates": [
          -75.7332483,
          4.8062375
        ]
      },
      "properties": {
        "osm_id": 9783811029,
        "osm_type": "node",
        "name": "Tienda D1",
        "brand": null,
        "operator": null,
        "addr_full": null,
        "addr_street": null,
        "addr_housenumber": null,
        "addr_city": null,
        "addr_state": null,
        "addr_postcode": null,
        "opening_hours": null,
        "phone": null,
        "website": null
      }
    },
    {
      "type": "Feature",
      "geometry": {
        "type": "Point",
        "coordinates": [
          -74.0899922,
          4.6220729
        ]
      },
      "properties": {
        "osm_id": 9842150229,
        "osm_type": "node",
        "name": "D1",
        "brand": "D1",
        "operator": null,
        "addr_full": null,
        "addr_street": "Calle 19B",
        "addr_housenumber": "33-46",
        "addr_city": null,
        "addr_state": null,
        "addr_postcode": null,
        "opening_hours": "Mo-Su 08:00-21:00",
        "phone": null,
        "website": "https://d1.com.co/"
      }
    },
    {
      "type": "Feature",
      "geometry": {
        "type": "Point",
        "coordinates": [
          -75.488171,
          6.0944494
        ]
      },
      "properties": {
        "osm_id": 9862135417,
        "osm_type": "node",
        "name": "D1",
        "brand": null,
        "operator": null,
        "addr_full": null,
        "addr_street": null,
        "addr_housenumber": null,
        "addr_city": null,
        "addr_state": null,
        "addr_postcode": null,
        "opening_hours": null,
        "phone": null,
        "website": null
      }
    },
    {
      "type": "Feature",
      "geometry": {
        "type": "Point",
        "coordinates": [
          -72.9178354,
          11.5322917
        ]
      },
      "properties": {
        "osm_id": 9936382323,
        "osm_type": "node",
        "name": "D1",
        "brand": null,
        "operator": null,
        "addr_full": null,
        "addr_street": null,
        "addr_housenumber": null,
        "addr_city": null,
        "addr_state": null,
        "addr_postcode": null,
        "opening_hours": null,
        "phone": null,
        "website": null
      }
    },
    {
      "type": "Feature",
      "geometry": {
        "type": "Point",
        "coordinates": [
          -75.6825054,
          4.5265005
        ]
      },
      "properties": {
        "osm_id": 9977255422,
        "osm_type": "node",
        "name": "D1",
        "brand": null,
        "operator": null,
        "addr_full": null,
        "addr_street": null,
        "addr_housenumber": null,
        "addr_city": null,
        "addr_state": null,
        "addr_postcode": null,
        "opening_hours": null,
        "phone": null,
        "website": null
      }
    },
    {
      "type": "Feature",
      "geometry": {
        "type": "Point",
        "coordinates": [
          -75.5275042,
          10.440923
        ]
      },
      "properties": {
        "osm_id": 10010386217,
        "osm_type": "node",
        "name": "D1",
        "brand": "D1",
        "operator": null,
        "addr_full": null,
        "addr_street": null,
        "addr_housenumber": null,
        "addr_city": null,
        "addr_state": null,
        "addr_postcode": null,
        "opening_hours": "Mo-Su 07:00-21:00",
        "phone": null,
        "website": null
      }
    },
    {
      "type": "Feature",
      "geometry": {
        "type": "Point",
        "coordinates": [
          -75.5996614,
          6.1592165
        ]
      },
      "properties": {
        "osm_id": 10059721125,
        "osm_type": "node",
        "name": "D1",
        "brand": "D1",
        "operator": null,
        "addr_full": null,
        "addr_street": null,
        "addr_housenumber": null,
        "addr_city": null,
        "addr_state": null,
        "addr_postcode": null,
        "opening_hours": null,
        "phone": null,
        "website": null
      }
    },
    {
      "type": "Feature",
      "geometry": {
        "type": "Point",
        "coordinates": [
          -75.6139593,
          6.2809614
        ]
      },
      "properties": {
        "osm_id": 10059742817,
        "osm_type": "node",
        "name": "D1",
        "brand": "D1",
        "operator": null,
        "addr_full": null,
        "addr_street": "Aurora Cll.64 #104-69 Medellin",
        "addr_housenumber": null,
        "addr_city": "Comuna 7 - Robledo",
        "addr_state": null,
        "addr_postcode": "050036",
        "opening_hours": "Mo-Su 09:00-21:00",
        "phone": null,
        "website": null
      }
    },
    {
      "type": "Feature",
      "geometry": {
        "type": "Point",
        "coordinates": [
          -75.6410194,
          6.1715432
        ]
      },
      "properties": {
        "osm_id": 10062198117,
        "osm_type": "node",
        "name": "D1",
        "brand": null,
        "operator": null,
        "addr_full": null,
        "addr_street": null,
        "addr_housenumber": null,
        "addr_city": null,
        "addr_state": null,
        "addr_postcode": null,
        "opening_hours": null,
        "phone": null,
        "website": null
      }
    },
    {
      "type": "Feature",
      "geometry": {
        "type": "Point",
        "coordinates": [
          -75.6979996,
          4.5140362
        ]
      },
      "properties": {
        "osm_id": 10092392640,
        "osm_type": "node",
        "name": "D1",
        "brand": "D1",
        "operator": null,
        "addr_full": null,
        "addr_street": null,
        "addr_housenumber": null,
        "addr_city": null,
        "addr_state": null,
        "addr_postcode": null,
        "opening_hours": null,
        "phone": null,
        "website": null
      }
    },
    {
      "type": "Feature",
      "geometry": {
        "type": "Point",
        "coordinates": [
          -74.8018967,
          10.902848
        ]
      },
      "properties": {
        "osm_id": 10098636565,
        "osm_type": "node",
        "name": "Tienda D1",
        "brand": null,
        "operator": null,
        "addr_full": null,
        "addr_street": null,
        "addr_housenumber": null,
        "addr_city": null,
        "addr_state": null,
        "addr_postcode": null,
        "opening_hours": null,
        "phone": null,
        "website": null
      }
    },
    {
      "type": "Feature",
      "geometry": {
        "type": "Point",
        "coordinates": [
          -74.2257552,
          11.1908586
        ]
      },
      "properties": {
        "osm_id": 10099535458,
        "osm_type": "node",
        "name": "D1",
        "brand": "D1",
        "operator": null,
        "addr_full": null,
        "addr_street": null,
        "addr_housenumber": null,
        "addr_city": null,
        "addr_state": null,
        "addr_postcode": null,
        "opening_hours": null,
        "phone": null,
        "website": null
      }
    },
    {
      "type": "Feature",
      "geometry": {
        "type": "Point",
        "coordinates": [
          -73.1668367,
          4.8204687
        ]
      },
      "properties": {
        "osm_id": 10099923404,
        "osm_type": "node",
        "name": "D1",
        "brand": "D1",
        "operator": null,
        "addr_full": null,
        "addr_street": "Cl. 6ª #26",
        "addr_housenumber": null,
        "addr_city": null,
        "addr_state": null,
        "addr_postcode": null,
        "opening_hours": null,
        "phone": null,
        "website": null
      }
    },
    {
      "type": "Feature",
      "geometry": {
        "type": "Point",
        "coordinates": [
          -74.1310066,
          4.6237371
        ]
      },
      "properties": {
        "osm_id": 10101244417,
        "osm_type": "node",
        "name": "D1",
        "brand": "D1",
        "operator": null,
        "addr_full": null,
        "addr_street": null,
        "addr_housenumber": null,
        "addr_city": null,
        "addr_state": null,
        "addr_postcode": null,
        "opening_hours": null,
        "phone": null,
        "website": "https://d1.com.co/"
      }
    },
    {
      "type": "Feature",
      "geometry": {
        "type": "Point",
        "coordinates": [
          -74.2162468,
          11.1888434
        ]
      },
      "properties": {
        "osm_id": 10103605768,
        "osm_type": "node",
        "name": "Tienda D1 Troncal",
        "brand": "D1",
        "operator": null,
        "addr_full": null,
        "addr_street": null,
        "addr_housenumber": null,
        "addr_city": null,
        "addr_state": null,
        "addr_postcode": null,
        "opening_hours": null,
        "phone": null,
        "website": null
      }
    },
    {
      "type": "Feature",
      "geometry": {
        "type": "Point",
        "coordinates": [
          -75.7030079,
          4.8155891
        ]
      },
      "properties": {
        "osm_id": 10131523819,
        "osm_type": "node",
        "name": "D1",
        "brand": null,
        "operator": null,
        "addr_full": null,
        "addr_street": "Carrera 7",
        "addr_housenumber": null,
        "addr_city": "Pereira",
        "addr_state": null,
        "addr_postcode": "660002",
        "opening_hours": null,
        "phone": null,
        "website": null
      }
    },
    {
      "type": "Feature",
      "geometry": {
        "type": "Point",
        "coordinates": [
          -76.4976941,
          3.4806258
        ]
      },
      "properties": {
        "osm_id": 10134557996,
        "osm_type": "node",
        "name": "D1",
        "brand": null,
        "operator": null,
        "addr_full": null,
        "addr_street": null,
        "addr_housenumber": null,
        "addr_city": null,
        "addr_state": null,
        "addr_postcode": null,
        "opening_hours": null,
        "phone": null,
        "website": null
      }
    },
    {
      "type": "Feature",
      "geometry": {
        "type": "Point",
        "coordinates": [
          -75.5939784,
          6.2484305
        ]
      },
      "properties": {
        "osm_id": 10166933848,
        "osm_type": "node",
        "name": "D1",
        "brand": "D1",
        "operator": null,
        "addr_full": null,
        "addr_street": "Calle 42",
        "addr_housenumber": "74-18",
        "addr_city": null,
        "addr_state": null,
        "addr_postcode": null,
        "opening_hours": null,
        "phone": null,
        "website": null
      }
    },
    {
      "type": "Feature",
      "geometry": {
        "type": "Point",
        "coordinates": [
          -74.7774159,
          9.2605688
        ]
      },
      "properties": {
        "osm_id": 10183953691,
        "osm_type": "node",
        "name": "D1",
        "brand": null,
        "operator": null,
        "addr_full": null,
        "addr_street": null,
        "addr_housenumber": null,
        "addr_city": null,
        "addr_state": null,
        "addr_postcode": null,
        "opening_hours": null,
        "phone": null,
        "website": null
      }
    },
    {
      "type": "Feature",
      "geometry": {
        "type": "Point",
        "coordinates": [
          -75.2930336,
          9.3162942
        ]
      },
      "properties": {
        "osm_id": 10183960493,
        "osm_type": "node",
        "name": "D1",
        "brand": null,
        "operator": null,
        "addr_full": null,
        "addr_street": null,
        "addr_housenumber": null,
        "addr_city": null,
        "addr_state": null,
        "addr_postcode": null,
        "opening_hours": null,
        "phone": null,
        "website": null
      }
    },
    {
      "type": "Feature",
      "geometry": {
        "type": "Point",
        "coordinates": [
          -75.2971587,
          9.3228187
        ]
      },
      "properties": {
        "osm_id": 10201778830,
        "osm_type": "node",
        "name": "D1",
        "brand": null,
        "operator": null,
        "addr_full": null,
        "addr_street": null,
        "addr_housenumber": null,
        "addr_city": null,
        "addr_state": null,
        "addr_postcode": null,
        "opening_hours": null,
        "phone": null,
        "website": null
      }
    },
    {
      "type": "Feature",
      "geometry": {
        "type": "Point",
        "coordinates": [
          -75.7933484,
          8.8828257
        ]
      },
      "properties": {
        "osm_id": 10238104764,
        "osm_type": "node",
        "name": "D1",
        "brand": null,
        "operator": null,
        "addr_full": null,
        "addr_street": null,
        "addr_housenumber": null,
        "addr_city": null,
        "addr_state": null,
        "addr_postcode": null,
        "opening_hours": null,
        "phone": null,
        "website": null
      }
    },
    {
      "type": "Feature",
      "geometry": {
        "type": "Point",
        "coordinates": [
          -74.051666,
          4.6775796
        ]
      },
      "properties": {
        "osm_id": 10238198749,
        "osm_type": "node",
        "name": "D1",
        "brand": "D1",
        "operator": null,
        "addr_full": null,
        "addr_street": null,
        "addr_housenumber": null,
        "addr_city": null,
        "addr_state": null,
        "addr_postcode": null,
        "opening_hours": null,
        "phone": null,
        "website": "https://d1.com.co/"
      }
    },
    {
      "type": "Feature",
      "geometry": {
        "type": "Point",
        "coordinates": [
          -74.0575685,
          4.6573304
        ]
      },
      "properties": {
        "osm_id": 10253874712,
        "osm_type": "node",
        "name": "D1",
        "brand": "D1",
        "operator": null,
        "addr_full": null,
        "addr_street": null,
        "addr_housenumber": null,
        "addr_city": null,
        "addr_state": null,
        "addr_postcode": null,
        "opening_hours": null,
        "phone": null,
        "website": "https://d1.com.co/"
      }
    },
    {
      "type": "Feature",
      "geometry": {
        "type": "Point",
        "coordinates": [
          -74.066197,
          4.6174482
        ]
      },
      "properties": {
        "osm_id": 10268692228,
        "osm_type": "node",
        "name": null,
        "brand": "D1",
        "operator": null,
        "addr_full": null,
        "addr_street": null,
        "addr_housenumber": null,
        "addr_city": null,
        "addr_state": null,
        "addr_postcode": null,
        "opening_hours": "Mo-Su,PH 09:00-20:00",
        "phone": null,
        "website": null
      }
    },
    {
      "type": "Feature",
      "geometry": {
        "type": "Point",
        "coordinates": [
          -72.4967024,
          7.9037359
        ]
      },
      "properties": {
        "osm_id": 10268739772,
        "osm_type": "node",
        "name": "D1",
        "brand": "D1",
        "operator": null,
        "addr_full": null,
        "addr_street": "Cl. 6 Nte. #17",
        "addr_housenumber": null,
        "addr_city": null,
        "addr_state": null,
        "addr_postcode": null,
        "opening_hours": "Mo-Su 07:00-21:00",
        "phone": null,
        "website": null
      }
    },
    {
      "type": "Feature",
      "geometry": {
        "type": "Point",
        "coordinates": [
          -75.6794785,
          4.8083753
        ]
      },
      "properties": {
        "osm_id": 10289669637,
        "osm_type": "node",
        "name": "D1",
        "brand": "D1",
        "operator": null,
        "addr_full": null,
        "addr_street": "Avenida Circunvalar",
        "addr_housenumber": null,
        "addr_city": "Pereira",
        "addr_state": null,
        "addr_postcode": "660001",
        "opening_hours": null,
        "phone": null,
        "website": null
      }
    },
    {
      "type": "Feature",
      "geometry": {
        "type": "Point",
        "coordinates": [
          -75.6912587,
          4.8095825
        ]
      },
      "properties": {
        "osm_id": 10289716094,
        "osm_type": "node",
        "name": "D1",
        "brand": "D1",
        "operator": null,
        "addr_full": null,
        "addr_street": "Calle 15",
        "addr_housenumber": null,
        "addr_city": "Pereira",
        "addr_state": null,
        "addr_postcode": "660003",
        "opening_hours": null,
        "phone": null,
        "website": null
      }
    },
    {
      "type": "Feature",
      "geometry": {
        "type": "Point",
        "coordinates": [
          -75.6367423,
          6.092999
        ]
      },
      "properties": {
        "osm_id": 10316689060,
        "osm_type": "node",
        "name": "D1",
        "brand": null,
        "operator": null,
        "addr_full": null,
        "addr_street": null,
        "addr_housenumber": null,
        "addr_city": null,
        "addr_state": null,
        "addr_postcode": null,
        "opening_hours": null,
        "phone": null,
        "website": null
      }
    },
    {
      "type": "Feature",
      "geometry": {
        "type": "Point",
        "coordinates": [
          -75.7077484,
          4.8122959
        ]
      },
      "properties": {
        "osm_id": 10555185310,
        "osm_type": "node",
        "name": "D1",
        "brand": null,
        "operator": null,
        "addr_full": null,
        "addr_street": "Carrera 13",
        "addr_housenumber": null,
        "addr_city": "Pereira",
        "addr_state": null,
        "addr_postcode": "660002",
        "opening_hours": null,
        "phone": null,
        "website": null
      }
    },
    {
      "type": "Feature",
      "geometry": {
        "type": "Point",
        "coordinates": [
          -75.5310309,
          6.1501026
        ]
      },
      "properties": {
        "osm_id": 10555435562,
        "osm_type": "node",
        "name": "D1",
        "brand": null,
        "operator": null,
        "addr_full": null,
        "addr_street": null,
        "addr_housenumber": null,
        "addr_city": null,
        "addr_state": null,
        "addr_postcode": null,
        "opening_hours": null,
        "phone": null,
        "website": null
      }
    },
    {
      "type": "Feature",
      "geometry": {
        "type": "Point",
        "coordinates": [
          -75.3682742,
          6.1519024
        ]
      },
      "properties": {
        "osm_id": 10555492830,
        "osm_type": "node",
        "name": "D1",
        "brand": null,
        "operator": null,
        "addr_full": null,
        "addr_street": null,
        "addr_housenumber": null,
        "addr_city": null,
        "addr_state": null,
        "addr_postcode": null,
        "opening_hours": null,
        "phone": null,
        "website": null
      }
    },
    {
      "type": "Feature",
      "geometry": {
        "type": "Point",
        "coordinates": [
          -75.4310996,
          6.029959
        ]
      },
      "properties": {
        "osm_id": 10590325805,
        "osm_type": "node",
        "name": "D1",
        "brand": null,
        "operator": null,
        "addr_full": null,
        "addr_street": null,
        "addr_housenumber": null,
        "addr_city": null,
        "addr_state": null,
        "addr_postcode": null,
        "opening_hours": null,
        "phone": null,
        "website": null
      }
    },
    {
      "type": "Feature",
      "geometry": {
        "type": "Point",
        "coordinates": [
          -74.0685639,
          4.6134286
        ]
      },
      "properties": {
        "osm_id": 10595337105,
        "osm_type": "node",
        "name": "D1",
        "brand": "D1",
        "operator": null,
        "addr_full": null,
        "addr_street": null,
        "addr_housenumber": null,
        "addr_city": null,
        "addr_state": null,
        "addr_postcode": null,
        "opening_hours": null,
        "phone": null,
        "website": null
      }
    },
    {
      "type": "Feature",
      "geometry": {
        "type": "Point",
        "coordinates": [
          -74.0637134,
          4.645596
        ]
      },
      "properties": {
        "osm_id": 10605296406,
        "osm_type": "node",
        "name": "D1",
        "brand": null,
        "operator": null,
        "addr_full": null,
        "addr_street": null,
        "addr_housenumber": null,
        "addr_city": null,
        "addr_state": null,
        "addr_postcode": null,
        "opening_hours": null,
        "phone": null,
        "website": null
      }
    },
    {
      "type": "Feature",
      "geometry": {
        "type": "Point",
        "coordinates": [
          -75.5579404,
          6.2643081
        ]
      },
      "properties": {
        "osm_id": 10620977536,
        "osm_type": "node",
        "name": "D1",
        "brand": null,
        "operator": null,
        "addr_full": null,
        "addr_street": null,
        "addr_housenumber": null,
        "addr_city": null,
        "addr_state": null,
        "addr_postcode": null,
        "opening_hours": null,
        "phone": null,
        "website": null
      }
    },
    {
      "type": "Feature",
      "geometry": {
        "type": "Point",
        "coordinates": [
          -74.0327159,
          4.7179455
        ]
      },
      "properties": {
        "osm_id": 10687164725,
        "osm_type": "node",
        "name": "D1",
        "brand": null,
        "operator": null,
        "addr_full": null,
        "addr_street": null,
        "addr_housenumber": null,
        "addr_city": null,
        "addr_state": null,
        "addr_postcode": null,
        "opening_hours": null,
        "phone": null,
        "website": null
      }
    },
    {
      "type": "Feature",
      "geometry": {
        "type": "Point",
        "coordinates": [
          -77.2871113,
          1.227006
        ]
      },
      "properties": {
        "osm_id": 10697757909,
        "osm_type": "node",
        "name": "D1",
        "brand": null,
        "operator": null,
        "addr_full": null,
        "addr_street": null,
        "addr_housenumber": null,
        "addr_city": null,
        "addr_state": null,
        "addr_postcode": null,
        "opening_hours": null,
        "phone": null,
        "website": null
      }
    },
    {
      "type": "Feature",
      "geometry": {
        "type": "Point",
        "coordinates": [
          -74.0468987,
          4.6762861
        ]
      },
      "properties": {
        "osm_id": 10713210660,
        "osm_type": "node",
        "name": "D1",
        "brand": "D1",
        "operator": null,
        "addr_full": null,
        "addr_street": null,
        "addr_housenumber": null,
        "addr_city": null,
        "addr_state": null,
        "addr_postcode": null,
        "opening_hours": null,
        "phone": null,
        "website": null
      }
    },
    {
      "type": "Feature",
      "geometry": {
        "type": "Point",
        "coordinates": [
          -74.0647685,
          4.6402755
        ]
      },
      "properties": {
        "osm_id": 10713427008,
        "osm_type": "node",
        "name": "D1",
        "brand": null,
        "operator": null,
        "addr_full": null,
        "addr_street": null,
        "addr_housenumber": null,
        "addr_city": null,
        "addr_state": null,
        "addr_postcode": null,
        "opening_hours": null,
        "phone": null,
        "website": null
      }
    },
    {
      "type": "Feature",
      "geometry": {
        "type": "Point",
        "coordinates": [
          -72.9039648,
          11.5460517
        ]
      },
      "properties": {
        "osm_id": 10760104019,
        "osm_type": "node",
        "name": "Tiendas D1",
        "brand": null,
        "operator": null,
        "addr_full": null,
        "addr_street": null,
        "addr_housenumber": null,
        "addr_city": null,
        "addr_state": null,
        "addr_postcode": null,
        "opening_hours": null,
        "phone": null,
        "website": null
      }
    },
    {
      "type": "Feature",
      "geometry": {
        "type": "Point",
        "coordinates": [
          -76.2700438,
          3.7223375
        ]
      },
      "properties": {
        "osm_id": 10771375900,
        "osm_type": "node",
        "name": "Tiendas D1",
        "brand": null,
        "operator": null,
        "addr_full": null,
        "addr_street": null,
        "addr_housenumber": null,
        "addr_city": null,
        "addr_state": null,
        "addr_postcode": null,
        "opening_hours": null,
        "phone": null,
        "website": null
      }
    },
    {
      "type": "Feature",
      "geometry": {
        "type": "Point",
        "coordinates": [
          -74.8967162,
          5.1976332
        ]
      },
      "properties": {
        "osm_id": 10790576341,
        "osm_type": "node",
        "name": "D1",
        "brand": "D1",
        "operator": null,
        "addr_full": null,
        "addr_street": null,
        "addr_housenumber": null,
        "addr_city": null,
        "addr_state": null,
        "addr_postcode": null,
        "opening_hours": null,
        "phone": null,
        "website": null
      }
    },
    {
      "type": "Feature",
      "geometry": {
        "type": "Point",
        "coordinates": [
          -75.7146285,
          4.5277203
        ]
      },
      "properties": {
        "osm_id": 10797319721,
        "osm_type": "node",
        "name": "D1",
        "brand": "D1",
        "operator": null,
        "addr_full": null,
        "addr_street": null,
        "addr_housenumber": null,
        "addr_city": null,
        "addr_state": null,
        "addr_postcode": null,
        "opening_hours": null,
        "phone": null,
        "website": null
      }
    },
    {
      "type": "Feature",
      "geometry": {
        "type": "Point",
        "coordinates": [
          -72.4644405,
          7.8368655
        ]
      },
      "properties": {
        "osm_id": 10800481761,
        "osm_type": "node",
        "name": "Tiendas D1",
        "brand": null,
        "operator": null,
        "addr_full": null,
        "addr_street": null,
        "addr_housenumber": null,
        "addr_city": null,
        "addr_state": null,
        "addr_postcode": null,
        "opening_hours": null,
        "phone": null,
        "website": null
      }
    },
    {
      "type": "Feature",
      "geometry": {
        "type": "Point",
        "coordinates": [
          -72.4660731,
          7.8572073
        ]
      },
      "properties": {
        "osm_id": 10800481893,
        "osm_type": "node",
        "name": "Tiendas D1",
        "brand": null,
        "operator": null,
        "addr_full": null,
        "addr_street": null,
        "addr_housenumber": null,
        "addr_city": null,
        "addr_state": null,
        "addr_postcode": null,
        "opening_hours": null,
        "phone": null,
        "website": null
      }
    },
    {
      "type": "Feature",
      "geometry": {
        "type": "Point",
        "coordinates": [
          -74.1338874,
          4.7251491
        ]
      },
      "properties": {
        "osm_id": 10806584938,
        "osm_type": "node",
        "name": "D1",
        "brand": "D1",
        "operator": null,
        "addr_full": null,
        "addr_street": null,
        "addr_housenumber": null,
        "addr_city": null,
        "addr_state": null,
        "addr_postcode": null,
        "opening_hours": null,
        "phone": null,
        "website": null
      }
    },
    {
      "type": "Feature",
      "geometry": {
        "type": "Point",
        "coordinates": [
          -76.5239512,
          3.3851138
        ]
      },
      "properties": {
        "osm_id": 10827458984,
        "osm_type": "node",
        "name": "D1",
        "brand": "D1",
        "operator": null,
        "addr_full": null,
        "addr_street": null,
        "addr_housenumber": null,
        "addr_city": null,
        "addr_state": null,
        "addr_postcode": null,
        "opening_hours": null,
        "phone": null,
        "website": null
      }
    },
    {
      "type": "Feature",
      "geometry": {
        "type": "Point",
        "coordinates": [
          -74.5987907,
          5.0680541
        ]
      },
      "properties": {
        "osm_id": 10872573905,
        "osm_type": "node",
        "name": "D1",
        "brand": null,
        "operator": null,
        "addr_full": null,
        "addr_street": null,
        "addr_housenumber": null,
        "addr_city": null,
        "addr_state": null,
        "addr_postcode": null,
        "opening_hours": null,
        "phone": null,
        "website": null
      }
    },
    {
      "type": "Feature",
      "geometry": {
        "type": "Point",
        "coordinates": [
          -75.4802532,
          5.0492517
        ]
      },
      "properties": {
        "osm_id": 10920451305,
        "osm_type": "node",
        "name": "D1",
        "brand": null,
        "operator": null,
        "addr_full": null,
        "addr_street": null,
        "addr_housenumber": null,
        "addr_city": null,
        "addr_state": null,
        "addr_postcode": null,
        "opening_hours": null,
        "phone": null,
        "website": null
      }
    },
    {
      "type": "Feature",
      "geometry": {
        "type": "Point",
        "coordinates": [
          -75.4873259,
          5.0553842
        ]
      },
      "properties": {
        "osm_id": 10920710706,
        "osm_type": "node",
        "name": "D1",
        "brand": null,
        "operator": null,
        "addr_full": null,
        "addr_street": null,
        "addr_housenumber": null,
        "addr_city": null,
        "addr_state": null,
        "addr_postcode": null,
        "opening_hours": null,
        "phone": null,
        "website": null
      }
    },
    {
      "type": "Feature",
      "geometry": {
        "type": "Point",
        "coordinates": [
          -73.6145737,
          5.9353486
        ]
      },
      "properties": {
        "osm_id": 10932072971,
        "osm_type": "node",
        "name": "Tiendas D1",
        "brand": null,
        "operator": null,
        "addr_full": null,
        "addr_street": "Carrera 10",
        "addr_housenumber": null,
        "addr_city": "Barbosa",
        "addr_state": null,
        "addr_postcode": null,
        "opening_hours": null,
        "phone": null,
        "website": null
      }
    },
    {
      "type": "Feature",
      "geometry": {
        "type": "Point",
        "coordinates": [
          -75.4891461,
          5.0530725
        ]
      },
      "properties": {
        "osm_id": 10935378205,
        "osm_type": "node",
        "name": "D1",
        "brand": null,
        "operator": null,
        "addr_full": null,
        "addr_street": null,
        "addr_housenumber": null,
        "addr_city": null,
        "addr_state": null,
        "addr_postcode": null,
        "opening_hours": null,
        "phone": null,
        "website": null
      }
    },
    {
      "type": "Feature",
      "geometry": {
        "type": "Point",
        "coordinates": [
          -75.6966317,
          4.8080202
        ]
      },
      "properties": {
        "osm_id": 10944499228,
        "osm_type": "node",
        "name": "D1",
        "brand": "D1",
        "operator": null,
        "addr_full": null,
        "addr_street": "Carrera 15",
        "addr_housenumber": null,
        "addr_city": "Bostón",
        "addr_state": null,
        "addr_postcode": "660004",
        "opening_hours": null,
        "phone": null,
        "website": null
      }
    },
    {
      "type": "Feature",
      "geometry": {
        "type": "Point",
        "coordinates": [
          -74.2313854,
          4.707236
        ]
      },
      "properties": {
        "osm_id": 10945029478,
        "osm_type": "node",
        "name": "D1",
        "brand": "D1",
        "operator": null,
        "addr_full": null,
        "addr_street": null,
        "addr_housenumber": null,
        "addr_city": null,
        "addr_state": null,
        "addr_postcode": null,
        "opening_hours": null,
        "phone": null,
        "website": null
      }
    },
    {
      "type": "Feature",
      "geometry": {
        "type": "Point",
        "coordinates": [
          -76.1527703,
          4.4137588
        ]
      },
      "properties": {
        "osm_id": 10968485805,
        "osm_type": "node",
        "name": "D1",
        "brand": null,
        "operator": null,
        "addr_full": null,
        "addr_street": null,
        "addr_housenumber": null,
        "addr_city": null,
        "addr_state": null,
        "addr_postcode": null,
        "opening_hours": null,
        "phone": null,
        "website": null
      }
    },
    {
      "type": "Feature",
      "geometry": {
        "type": "Point",
        "coordinates": [
          -75.703547,
          5.4200101
        ]
      },
      "properties": {
        "osm_id": 10978021305,
        "osm_type": "node",
        "name": "D1",
        "brand": null,
        "operator": null,
        "addr_full": null,
        "addr_street": null,
        "addr_housenumber": null,
        "addr_city": null,
        "addr_state": null,
        "addr_postcode": null,
        "opening_hours": null,
        "phone": null,
        "website": null
      }
    },
    {
      "type": "Feature",
      "geometry": {
        "type": "Point",
        "coordinates": [
          -73.9712139,
          8.9940269
        ]
      },
      "properties": {
        "osm_id": 10979945950,
        "osm_type": "node",
        "name": "D1",
        "brand": "D1",
        "operator": null,
        "addr_full": null,
        "addr_street": null,
        "addr_housenumber": null,
        "addr_city": null,
        "addr_state": null,
        "addr_postcode": null,
        "opening_hours": null,
        "phone": null,
        "website": null
      }
    },
    {
      "type": "Feature",
      "geometry": {
        "type": "Point",
        "coordinates": [
          -73.9157286,
          4.9641851
        ]
      },
      "properties": {
        "osm_id": 10981473436,
        "osm_type": "node",
        "name": "D1",
        "brand": null,
        "operator": null,
        "addr_full": null,
        "addr_street": null,
        "addr_housenumber": null,
        "addr_city": null,
        "addr_state": null,
        "addr_postcode": null,
        "opening_hours": null,
        "phone": null,
        "website": null
      }
    },
    {
      "type": "Feature",
      "geometry": {
        "type": "Point",
        "coordinates": [
          -76.5424734,
          3.4507838
        ]
      },
      "properties": {
        "osm_id": 10981483907,
        "osm_type": "node",
        "name": "D1",
        "brand": null,
        "operator": null,
        "addr_full": null,
        "addr_street": null,
        "addr_housenumber": null,
        "addr_city": null,
        "addr_state": null,
        "addr_postcode": null,
        "opening_hours": null,
        "phone": null,
        "website": null
      }
    },
    {
      "type": "Feature",
      "geometry": {
        "type": "Point",
        "coordinates": [
          -75.598967,
          6.2419042
        ]
      },
      "properties": {
        "osm_id": 11008621406,
        "osm_type": "node",
        "name": "D1",
        "brand": null,
        "operator": null,
        "addr_full": null,
        "addr_street": null,
        "addr_housenumber": null,
        "addr_city": null,
        "addr_state": null,
        "addr_postcode": null,
        "opening_hours": null,
        "phone": null,
        "website": null
      }
    },
    {
      "type": "Feature",
      "geometry": {
        "type": "Point",
        "coordinates": [
          -75.5703259,
          6.2513992
        ]
      },
      "properties": {
        "osm_id": 11009023505,
        "osm_type": "node",
        "name": "D1",
        "brand": null,
        "operator": null,
        "addr_full": null,
        "addr_street": null,
        "addr_housenumber": null,
        "addr_city": null,
        "addr_state": null,
        "addr_postcode": null,
        "opening_hours": "PH,Mo-Su 08:00-21:00",
        "phone": null,
        "website": null
      }
    },
    {
      "type": "Feature",
      "geometry": {
        "type": "Point",
        "coordinates": [
          -75.6020796,
          6.2361443
        ]
      },
      "properties": {
        "osm_id": 11012987605,
        "osm_type": "node",
        "name": "D1",
        "brand": null,
        "operator": null,
        "addr_full": null,
        "addr_street": null,
        "addr_housenumber": null,
        "addr_city": null,
        "addr_state": null,
        "addr_postcode": null,
        "opening_hours": null,
        "phone": null,
        "website": null
      }
    },
    {
      "type": "Feature",
      "geometry": {
        "type": "Point",
        "coordinates": [
          -75.6526858,
          4.5609732
        ]
      },
      "properties": {
        "osm_id": 11018928801,
        "osm_type": "node",
        "name": "D1",
        "brand": "D1",
        "operator": null,
        "addr_full": null,
        "addr_street": null,
        "addr_housenumber": null,
        "addr_city": null,
        "addr_state": null,
        "addr_postcode": null,
        "opening_hours": null,
        "phone": null,
        "website": null
      }
    },
    {
      "type": "Feature",
      "geometry": {
        "type": "Point",
        "coordinates": [
          -73.5588784,
          11.2442471
        ]
      },
      "properties": {
        "osm_id": 11026207806,
        "osm_type": "node",
        "name": "D1",
        "brand": null,
        "operator": null,
        "addr_full": null,
        "addr_street": null,
        "addr_housenumber": null,
        "addr_city": null,
        "addr_state": null,
        "addr_postcode": null,
        "opening_hours": null,
        "phone": null,
        "website": null
      }
    },
    {
      "type": "Feature",
      "geometry": {
        "type": "Point",
        "coordinates": [
          -75.2977278,
          2.9534722
        ]
      },
      "properties": {
        "osm_id": 11028924806,
        "osm_type": "node",
        "name": "D1",
        "brand": null,
        "operator": null,
        "addr_full": null,
        "addr_street": null,
        "addr_housenumber": null,
        "addr_city": null,
        "addr_state": null,
        "addr_postcode": null,
        "opening_hours": null,
        "phone": null,
        "website": null
      }
    },
    {
      "type": "Feature",
      "geometry": {
        "type": "Point",
        "coordinates": [
          -75.6310309,
          2.1951829
        ]
      },
      "properties": {
        "osm_id": 11092592905,
        "osm_type": "node",
        "name": "D1",
        "brand": null,
        "operator": null,
        "addr_full": null,
        "addr_street": null,
        "addr_housenumber": null,
        "addr_city": null,
        "addr_state": null,
        "addr_postcode": null,
        "opening_hours": null,
        "phone": null,
        "website": null
      }
    },
    {
      "type": "Feature",
      "geometry": {
        "type": "Point",
        "coordinates": [
          -75.5889148,
          6.2765118
        ]
      },
      "properties": {
        "osm_id": 11110251710,
        "osm_type": "node",
        "name": "D1",
        "brand": null,
        "operator": null,
        "addr_full": null,
        "addr_street": null,
        "addr_housenumber": null,
        "addr_city": null,
        "addr_state": null,
        "addr_postcode": null,
        "opening_hours": null,
        "phone": null,
        "website": null
      }
    },
    {
      "type": "Feature",
      "geometry": {
        "type": "Point",
        "coordinates": [
          -76.30989,
          3.548197
        ]
      },
      "properties": {
        "osm_id": 11115394005,
        "osm_type": "node",
        "name": "tiendas D1",
        "brand": null,
        "operator": null,
        "addr_full": null,
        "addr_street": null,
        "addr_housenumber": null,
        "addr_city": null,
        "addr_state": null,
        "addr_postcode": null,
        "opening_hours": null,
        "phone": null,
        "website": null
      }
    },
    {
      "type": "Feature",
      "geometry": {
        "type": "Point",
        "coordinates": [
          -75.7543305,
          4.470093
        ]
      },
      "properties": {
        "osm_id": 11134409617,
        "osm_type": "node",
        "name": "D1",
        "brand": "D1",
        "operator": null,
        "addr_full": null,
        "addr_street": null,
        "addr_housenumber": null,
        "addr_city": null,
        "addr_state": null,
        "addr_postcode": null,
        "opening_hours": null,
        "phone": null,
        "website": null
      }
    },
    {
      "type": "Feature",
      "geometry": {
        "type": "Point",
        "coordinates": [
          -75.5429664,
          6.252001
        ]
      },
      "properties": {
        "osm_id": 11141655330,
        "osm_type": "node",
        "name": "D1 de Llanaditas",
        "brand": "Tienda D1",
        "operator": null,
        "addr_full": null,
        "addr_street": null,
        "addr_housenumber": null,
        "addr_city": null,
        "addr_state": null,
        "addr_postcode": null,
        "opening_hours": "Mo-Su 08:00-21:00",
        "phone": null,
        "website": null
      }
    },
    {
      "type": "Feature",
      "geometry": {
        "type": "Point",
        "coordinates": [
          -76.5351409,
          3.4074499
        ]
      },
      "properties": {
        "osm_id": 11159575626,
        "osm_type": "node",
        "name": "Tiendas D1",
        "brand": null,
        "operator": null,
        "addr_full": null,
        "addr_street": "Calle 13",
        "addr_housenumber": null,
        "addr_city": null,
        "addr_state": null,
        "addr_postcode": null,
        "opening_hours": null,
        "phone": null,
        "website": null
      }
    },
    {
      "type": "Feature",
      "geometry": {
        "type": "Point",
        "coordinates": [
          -75.5704704,
          6.2514163
        ]
      },
      "properties": {
        "osm_id": 11207743659,
        "osm_type": "node",
        "name": "D1",
        "brand": null,
        "operator": null,
        "addr_full": null,
        "addr_street": null,
        "addr_housenumber": null,
        "addr_city": null,
        "addr_state": null,
        "addr_postcode": null,
        "opening_hours": null,
        "phone": null,
        "website": null
      }
    },
    {
      "type": "Feature",
      "geometry": {
        "type": "Point",
        "coordinates": [
          -75.4404248,
          6.2763577
        ]
      },
      "properties": {
        "osm_id": 11213846663,
        "osm_type": "node",
        "name": "D1",
        "brand": "D1",
        "operator": null,
        "addr_full": null,
        "addr_street": null,
        "addr_housenumber": null,
        "addr_city": null,
        "addr_state": null,
        "addr_postcode": null,
        "opening_hours": null,
        "phone": null,
        "website": null
      }
    },
    {
      "type": "Feature",
      "geometry": {
        "type": "Point",
        "coordinates": [
          -74.1306819,
          4.6547886
        ]
      },
      "properties": {
        "osm_id": 11369607870,
        "osm_type": "node",
        "name": "D1",
        "brand": "D1",
        "operator": null,
        "addr_full": null,
        "addr_street": "Carrera 78",
        "addr_housenumber": null,
        "addr_city": null,
        "addr_state": null,
        "addr_postcode": null,
        "opening_hours": null,
        "phone": null,
        "website": null
      }
    },
    {
      "type": "Feature",
      "geometry": {
        "type": "Point",
        "coordinates": [
          -75.690511,
          4.5423707
        ]
      },
      "properties": {
        "osm_id": 11396299733,
        "osm_type": "node",
        "name": "D1",
        "brand": "D1",
        "operator": null,
        "addr_full": null,
        "addr_street": null,
        "addr_housenumber": null,
        "addr_city": null,
        "addr_state": null,
        "addr_postcode": null,
        "opening_hours": null,
        "phone": null,
        "website": null
      }
    },
    {
      "type": "Feature",
      "geometry": {
        "type": "Point",
        "coordinates": [
          -74.0766204,
          4.7375184
        ]
      },
      "properties": {
        "osm_id": 11401580473,
        "osm_type": "node",
        "name": "Tienda D1",
        "brand": null,
        "operator": null,
        "addr_full": null,
        "addr_street": "Cl. 146 # 80",
        "addr_housenumber": "69",
        "addr_city": null,
        "addr_state": null,
        "addr_postcode": null,
        "opening_hours": "Mo-Su 08:00-21:00",
        "phone": null,
        "website": "https://d1.com.co\nTiendas D1"
      }
    },
    {
      "type": "Feature",
      "geometry": {
        "type": "Point",
        "coordinates": [
          -75.8979361,
          8.7506572
        ]
      },
      "properties": {
        "osm_id": 11415711406,
        "osm_type": "node",
        "name": "D1",
        "brand": "D1",
        "operator": null,
        "addr_full": null,
        "addr_street": null,
        "addr_housenumber": null,
        "addr_city": null,
        "addr_state": null,
        "addr_postcode": null,
        "opening_hours": null,
        "phone": null,
        "website": null
      }
    },
    {
      "type": "Feature",
      "geometry": {
        "type": "Point",
        "coordinates": [
          -74.0829282,
          4.7374132
        ]
      },
      "properties": {
        "osm_id": 11423583770,
        "osm_type": "node",
        "name": "Tiendas D1",
        "brand": null,
        "operator": null,
        "addr_full": null,
        "addr_street": null,
        "addr_housenumber": null,
        "addr_city": null,
        "addr_state": null,
        "addr_postcode": null,
        "opening_hours": null,
        "phone": null,
        "website": null
      }
    },
    {
      "type": "Feature",
      "geometry": {
        "type": "Point",
        "coordinates": [
          -74.117754,
          4.5094734
        ]
      },
      "properties": {
        "osm_id": 11430337552,
        "osm_type": "node",
        "name": "D1",
        "brand": null,
        "operator": null,
        "addr_full": null,
        "addr_street": null,
        "addr_housenumber": null,
        "addr_city": null,
        "addr_state": null,
        "addr_postcode": null,
        "opening_hours": null,
        "phone": null,
        "website": null
      }
    },
    {
      "type": "Feature",
      "geometry": {
        "type": "Point",
        "coordinates": [
          -75.5848451,
          6.2114096
        ]
      },
      "properties": {
        "osm_id": 11438981057,
        "osm_type": "node",
        "name": "D1",
        "brand": "D1",
        "operator": null,
        "addr_full": null,
        "addr_street": null,
        "addr_housenumber": null,
        "addr_city": null,
        "addr_state": null,
        "addr_postcode": null,
        "opening_hours": null,
        "phone": null,
        "website": null
      }
    },
    {
      "type": "Feature",
      "geometry": {
        "type": "Point",
        "coordinates": [
          -75.697044,
          4.5390737
        ]
      },
      "properties": {
        "osm_id": 11453120156,
        "osm_type": "node",
        "name": "D1",
        "brand": "D1",
        "operator": null,
        "addr_full": null,
        "addr_street": null,
        "addr_housenumber": null,
        "addr_city": null,
        "addr_state": null,
        "addr_postcode": null,
        "opening_hours": "Mo-Su,PH 07:00-21:00",
        "phone": null,
        "website": null
      }
    },
    {
      "type": "Feature",
      "geometry": {
        "type": "Point",
        "coordinates": [
          -76.5271915,
          2.6403417
        ]
      },
      "properties": {
        "osm_id": 11470934193,
        "osm_type": "node",
        "name": "D1",
        "brand": null,
        "operator": null,
        "addr_full": null,
        "addr_street": null,
        "addr_housenumber": null,
        "addr_city": null,
        "addr_state": null,
        "addr_postcode": null,
        "opening_hours": null,
        "phone": null,
        "website": null
      }
    },
    {
      "type": "Feature",
      "geometry": {
        "type": "Point",
        "coordinates": [
          -76.5282109,
          3.4181385
        ]
      },
      "properties": {
        "osm_id": 11529022680,
        "osm_type": "node",
        "name": "D1",
        "brand": null,
        "operator": null,
        "addr_full": null,
        "addr_street": null,
        "addr_housenumber": null,
        "addr_city": null,
        "addr_state": null,
        "addr_postcode": null,
        "opening_hours": null,
        "phone": null,
        "website": null
      }
    },
    {
      "type": "Feature",
      "geometry": {
        "type": "Point",
        "coordinates": [
          -75.371342,
          6.1428101
        ]
      },
      "properties": {
        "osm_id": 11558340463,
        "osm_type": "node",
        "name": "D1",
        "brand": null,
        "operator": null,
        "addr_full": null,
        "addr_street": null,
        "addr_housenumber": null,
        "addr_city": null,
        "addr_state": null,
        "addr_postcode": null,
        "opening_hours": null,
        "phone": null,
        "website": null
      }
    },
    {
      "type": "Feature",
      "geometry": {
        "type": "Point",
        "coordinates": [
          -74.8365669,
          11.0142229
        ]
      },
      "properties": {
        "osm_id": 11569959541,
        "osm_type": "node",
        "name": "D1",
        "brand": "D1",
        "operator": null,
        "addr_full": null,
        "addr_street": "Calle 107",
        "addr_housenumber": null,
        "addr_city": "Barranquilla",
        "addr_state": null,
        "addr_postcode": null,
        "opening_hours": null,
        "phone": null,
        "website": null
      }
    },
    {
      "type": "Feature",
      "geometry": {
        "type": "Point",
        "coordinates": [
          -72.5003894,
          7.8994522
        ]
      },
      "properties": {
        "osm_id": 11704933270,
        "osm_type": "node",
        "name": "D1",
        "brand": "D1",
        "operator": null,
        "addr_full": null,
        "addr_street": null,
        "addr_housenumber": null,
        "addr_city": null,
        "addr_state": null,
        "addr_postcode": null,
        "opening_hours": null,
        "phone": null,
        "website": null
      }
    },
    {
      "type": "Feature",
      "geometry": {
        "type": "Point",
        "coordinates": [
          -76.2975115,
          3.5353575
        ]
      },
      "properties": {
        "osm_id": 11796247181,
        "osm_type": "node",
        "name": "Tiendas D1",
        "brand": null,
        "operator": null,
        "addr_full": null,
        "addr_street": null,
        "addr_housenumber": null,
        "addr_city": null,
        "addr_state": null,
        "addr_postcode": null,
        "opening_hours": null,
        "phone": null,
        "website": null
      }
    },
    {
      "type": "Feature",
      "geometry": {
        "type": "Point",
        "coordinates": [
          -74.0714721,
          4.706866
        ]
      },
      "properties": {
        "osm_id": 11813150977,
        "osm_type": "node",
        "name": "Tiendas D1",
        "brand": null,
        "operator": null,
        "addr_full": null,
        "addr_street": null,
        "addr_housenumber": null,
        "addr_city": null,
        "addr_state": null,
        "addr_postcode": null,
        "opening_hours": null,
        "phone": null,
        "website": null
      }
    },
    {
      "type": "Feature",
      "geometry": {
        "type": "Point",
        "coordinates": [
          -75.8175095,
          6.8488881
        ]
      },
      "properties": {
        "osm_id": 11826600129,
        "osm_type": "node",
        "name": "D1",
        "brand": "D1",
        "operator": null,
        "addr_full": null,
        "addr_street": null,
        "addr_housenumber": null,
        "addr_city": null,
        "addr_state": null,
        "addr_postcode": null,
        "opening_hours": null,
        "phone": null,
        "website": null
      }
    },
    {
      "type": "Feature",
      "geometry": {
        "type": "Point",
        "coordinates": [
          -75.6167601,
          6.1703262
        ]
      },
      "properties": {
        "osm_id": 11826601743,
        "osm_type": "node",
        "name": "D1",
        "brand": "D1",
        "operator": null,
        "addr_full": null,
        "addr_street": null,
        "addr_housenumber": null,
        "addr_city": null,
        "addr_state": null,
        "addr_postcode": null,
        "opening_hours": null,
        "phone": null,
        "website": null
      }
    },
    {
      "type": "Feature",
      "geometry": {
        "type": "Point",
        "coordinates": [
          -75.5972419,
          6.2481485
        ]
      },
      "properties": {
        "osm_id": 11840407995,
        "osm_type": "node",
        "name": "D1",
        "brand": "D1",
        "operator": null,
        "addr_full": null,
        "addr_street": null,
        "addr_housenumber": null,
        "addr_city": null,
        "addr_state": null,
        "addr_postcode": null,
        "opening_hours": null,
        "phone": null,
        "website": null
      }
    },
    {
      "type": "Feature",
      "geometry": {
        "type": "Point",
        "coordinates": [
          -75.6120004,
          6.2551866
        ]
      },
      "properties": {
        "osm_id": 11848885464,
        "osm_type": "node",
        "name": "D1",
        "brand": "D1",
        "operator": null,
        "addr_full": null,
        "addr_street": "Calle 44 #95 - 53",
        "addr_housenumber": null,
        "addr_city": null,
        "addr_state": null,
        "addr_postcode": null,
        "opening_hours": "Mo-Su 08:00-21:00",
        "phone": null,
        "website": null
      }
    },
    {
      "type": "Feature",
      "geometry": {
        "type": "Point",
        "coordinates": [
          -75.6341271,
          6.1340764
        ]
      },
      "properties": {
        "osm_id": 11850570509,
        "osm_type": "node",
        "name": "D1",
        "brand": "D1",
        "operator": null,
        "addr_full": null,
        "addr_street": null,
        "addr_housenumber": null,
        "addr_city": null,
        "addr_state": null,
        "addr_postcode": null,
        "opening_hours": null,
        "phone": null,
        "website": null
      }
    },
    {
      "type": "Feature",
      "geometry": {
        "type": "Point",
        "coordinates": [
          -75.587235,
          6.279862
        ]
      },
      "properties": {
        "osm_id": 11887891073,
        "osm_type": "node",
        "name": "D1",
        "brand": "D1",
        "operator": null,
        "addr_full": null,
        "addr_street": null,
        "addr_housenumber": null,
        "addr_city": null,
        "addr_state": null,
        "addr_postcode": null,
        "opening_hours": null,
        "phone": null,
        "website": null
      }
    },
    {
      "type": "Feature",
      "geometry": {
        "type": "Point",
        "coordinates": [
          -74.3997701,
          6.4913398
        ]
      },
      "properties": {
        "osm_id": 11903505018,
        "osm_type": "node",
        "name": "D1",
        "brand": "D1",
        "operator": null,
        "addr_full": null,
        "addr_street": null,
        "addr_housenumber": null,
        "addr_city": null,
        "addr_state": null,
        "addr_postcode": null,
        "opening_hours": null,
        "phone": null,
        "website": null
      }
    },
    {
      "type": "Feature",
      "geometry": {
        "type": "Point",
        "coordinates": [
          -73.1183627,
          7.1078717
        ]
      },
      "properties": {
        "osm_id": 11904934456,
        "osm_type": "node",
        "name": "Tiendas D1",
        "brand": null,
        "operator": null,
        "addr_full": null,
        "addr_street": "Calle 56",
        "addr_housenumber": null,
        "addr_city": "Bucaramanga",
        "addr_state": null,
        "addr_postcode": null,
        "opening_hours": null,
        "phone": null,
        "website": null
      }
    },
    {
      "type": "Feature",
      "geometry": {
        "type": "Point",
        "coordinates": [
          -74.0722392,
          4.7238432
        ]
      },
      "properties": {
        "osm_id": 11916376308,
        "osm_type": "node",
        "name": "D1",
        "brand": "D1",
        "operator": null,
        "addr_full": null,
        "addr_street": null,
        "addr_housenumber": null,
        "addr_city": null,
        "addr_state": null,
        "addr_postcode": null,
        "opening_hours": null,
        "phone": null,
        "website": null
      }
    },
    {
      "type": "Feature",
      "geometry": {
        "type": "Point",
        "coordinates": [
          -76.545666,
          3.2572208
        ]
      },
      "properties": {
        "osm_id": 11920910187,
        "osm_type": "node",
        "name": "D1",
        "brand": "D1",
        "operator": null,
        "addr_full": null,
        "addr_street": null,
        "addr_housenumber": null,
        "addr_city": null,
        "addr_state": null,
        "addr_postcode": null,
        "opening_hours": null,
        "phone": null,
        "website": null
      }
    },
    {
      "type": "Feature",
      "geometry": {
        "type": "Point",
        "coordinates": [
          -75.5411766,
          6.3382044
        ]
      },
      "properties": {
        "osm_id": 11961657806,
        "osm_type": "node",
        "name": "D1",
        "brand": "D1",
        "operator": null,
        "addr_full": null,
        "addr_street": null,
        "addr_housenumber": null,
        "addr_city": null,
        "addr_state": null,
        "addr_postcode": null,
        "opening_hours": null,
        "phone": null,
        "website": null
      }
    },
    {
      "type": "Feature",
      "geometry": {
        "type": "Point",
        "coordinates": [
          -75.2748673,
          2.9142334
        ]
      },
      "properties": {
        "osm_id": 12033418981,
        "osm_type": "node",
        "name": "Tienda D1",
        "brand": null,
        "operator": null,
        "addr_full": null,
        "addr_street": null,
        "addr_housenumber": null,
        "addr_city": null,
        "addr_state": null,
        "addr_postcode": null,
        "opening_hours": null,
        "phone": null,
        "website": null
      }
    },
    {
      "type": "Feature",
      "geometry": {
        "type": "Point",
        "coordinates": [
          -75.4443885,
          8.9476364
        ]
      },
      "properties": {
        "osm_id": 12048659291,
        "osm_type": "node",
        "name": "Tiendas D1",
        "brand": null,
        "operator": null,
        "addr_full": null,
        "addr_street": null,
        "addr_housenumber": null,
        "addr_city": null,
        "addr_state": null,
        "addr_postcode": null,
        "opening_hours": null,
        "phone": null,
        "website": null
      }
    },
    {
      "type": "Feature",
      "geometry": {
        "type": "Point",
        "coordinates": [
          -75.7108926,
          6.1118563
        ]
      },
      "properties": {
        "osm_id": 12072262680,
        "osm_type": "node",
        "name": "Tiendas D1",
        "brand": null,
        "operator": null,
        "addr_full": null,
        "addr_street": null,
        "addr_housenumber": null,
        "addr_city": null,
        "addr_state": null,
        "addr_postcode": null,
        "opening_hours": "Mo-Su 09:00-21:00",
        "phone": "000000",
        "website": null
      }
    },
    {
      "type": "Feature",
      "geometry": {
        "type": "Point",
        "coordinates": [
          -76.55786,
          3.2651574
        ]
      },
      "properties": {
        "osm_id": 12077203775,
        "osm_type": "node",
        "name": "D1",
        "brand": "D1",
        "operator": null,
        "addr_full": null,
        "addr_street": null,
        "addr_housenumber": null,
        "addr_city": null,
        "addr_state": null,
        "addr_postcode": null,
        "opening_hours": null,
        "phone": null,
        "website": null
      }
    },
    {
      "type": "Feature",
      "geometry": {
        "type": "Point",
        "coordinates": [
          -75.4894431,
          10.3950253
        ]
      },
      "properties": {
        "osm_id": 12077656560,
        "osm_type": "node",
        "name": "D1",
        "brand": "D1",
        "operator": null,
        "addr_full": null,
        "addr_street": null,
        "addr_housenumber": null,
        "addr_city": null,
        "addr_state": null,
        "addr_postcode": null,
        "opening_hours": null,
        "phone": null,
        "website": null
      }
    },
    {
      "type": "Feature",
      "geometry": {
        "type": "Point",
        "coordinates": [
          -76.5320986,
          3.2656621
        ]
      },
      "properties": {
        "osm_id": 12081195102,
        "osm_type": "node",
        "name": "Tiendas D1",
        "brand": null,
        "operator": null,
        "addr_full": null,
        "addr_street": null,
        "addr_housenumber": null,
        "addr_city": null,
        "addr_state": null,
        "addr_postcode": null,
        "opening_hours": null,
        "phone": null,
        "website": null
      }
    },
    {
      "type": "Feature",
      "geometry": {
        "type": "Point",
        "coordinates": [
          -75.3315739,
          6.0740549
        ]
      },
      "properties": {
        "osm_id": 12083752569,
        "osm_type": "node",
        "name": "Tiendas D1",
        "brand": null,
        "operator": null,
        "addr_full": null,
        "addr_street": null,
        "addr_housenumber": null,
        "addr_city": null,
        "addr_state": null,
        "addr_postcode": null,
        "opening_hours": "Mo-Su 09:00-21:00",
        "phone": null,
        "website": null
      }
    },
    {
      "type": "Feature",
      "geometry": {
        "type": "Point",
        "coordinates": [
          -75.6080299,
          6.2860919
        ]
      },
      "properties": {
        "osm_id": 12084009871,
        "osm_type": "node",
        "name": "Tienda D1",
        "brand": null,
        "operator": null,
        "addr_full": null,
        "addr_street": null,
        "addr_housenumber": null,
        "addr_city": null,
        "addr_state": null,
        "addr_postcode": null,
        "opening_hours": "Mo-Su 07:00-18:00",
        "phone": null,
        "website": null
      }
    },
    {
      "type": "Feature",
      "geometry": {
        "type": "Point",
        "coordinates": [
          -76.5436041,
          3.2599074
        ]
      },
      "properties": {
        "osm_id": 12084033884,
        "osm_type": "node",
        "name": "D1",
        "brand": "D1",
        "operator": null,
        "addr_full": null,
        "addr_street": null,
        "addr_housenumber": null,
        "addr_city": null,
        "addr_state": null,
        "addr_postcode": null,
        "opening_hours": null,
        "phone": null,
        "website": null
      }
    },
    {
      "type": "Feature",
      "geometry": {
        "type": "Point",
        "coordinates": [
          -77.6548203,
          0.8281061
        ]
      },
      "properties": {
        "osm_id": 12094353402,
        "osm_type": "node",
        "name": "D1",
        "brand": "D1",
        "operator": null,
        "addr_full": null,
        "addr_street": null,
        "addr_housenumber": null,
        "addr_city": null,
        "addr_state": null,
        "addr_postcode": null,
        "opening_hours": "Mo-Su,PH 08:00-21:00",
        "phone": null,
        "website": null
      }
    },
    {
      "type": "Feature",
      "geometry": {
        "type": "Point",
        "coordinates": [
          -75.3372873,
          6.1693531
        ]
      },
      "properties": {
        "osm_id": 12097361015,
        "osm_type": "node",
        "name": "D1",
        "brand": "D1",
        "operator": null,
        "addr_full": null,
        "addr_street": null,
        "addr_housenumber": null,
        "addr_city": null,
        "addr_state": null,
        "addr_postcode": null,
        "opening_hours": null,
        "phone": null,
        "website": null
      }
    },
    {
      "type": "Feature",
      "geometry": {
        "type": "Point",
        "coordinates": [
          -75.3295676,
          6.1700083
        ]
      },
      "properties": {
        "osm_id": 12097361092,
        "osm_type": "node",
        "name": "D1",
        "brand": "D1",
        "operator": null,
        "addr_full": null,
        "addr_street": null,
        "addr_housenumber": null,
        "addr_city": null,
        "addr_state": null,
        "addr_postcode": null,
        "opening_hours": null,
        "phone": null,
        "website": null
      }
    },
    {
      "type": "Feature",
      "geometry": {
        "type": "Point",
        "coordinates": [
          -74.1096639,
          4.6227345
        ]
      },
      "properties": {
        "osm_id": 12106633325,
        "osm_type": "node",
        "name": "Tienda D1",
        "brand": null,
        "operator": null,
        "addr_full": null,
        "addr_street": null,
        "addr_housenumber": null,
        "addr_city": null,
        "addr_state": null,
        "addr_postcode": null,
        "opening_hours": null,
        "phone": null,
        "website": null
      }
    },
    {
      "type": "Feature",
      "geometry": {
        "type": "Point",
        "coordinates": [
          -74.8040952,
          11.0195588
        ]
      },
      "properties": {
        "osm_id": 12134272192,
        "osm_type": "node",
        "name": "D1",
        "brand": "D1",
        "operator": null,
        "addr_full": null,
        "addr_street": null,
        "addr_housenumber": null,
        "addr_city": null,
        "addr_state": null,
        "addr_postcode": null,
        "opening_hours": null,
        "phone": null,
        "website": null
      }
    },
    {
      "type": "Feature",
      "geometry": {
        "type": "Point",
        "coordinates": [
          -73.2305658,
          10.4632545
        ]
      },
      "properties": {
        "osm_id": 12190982361,
        "osm_type": "node",
        "name": "D1",
        "brand": "D1",
        "operator": null,
        "addr_full": null,
        "addr_street": null,
        "addr_housenumber": null,
        "addr_city": null,
        "addr_state": null,
        "addr_postcode": null,
        "opening_hours": null,
        "phone": null,
        "website": null
      }
    },
    {
      "type": "Feature",
      "geometry": {
        "type": "Point",
        "coordinates": [
          -75.6571822,
          4.5537157
        ]
      },
      "properties": {
        "osm_id": 12194334443,
        "osm_type": "node",
        "name": "D1",
        "brand": "D1",
        "operator": null,
        "addr_full": null,
        "addr_street": null,
        "addr_housenumber": null,
        "addr_city": null,
        "addr_state": null,
        "addr_postcode": null,
        "opening_hours": null,
        "phone": null,
        "website": null
      }
    },
    {
      "type": "Feature",
      "geometry": {
        "type": "Point",
        "coordinates": [
          -73.1060575,
          7.1019841
        ]
      },
      "properties": {
        "osm_id": 12206122816,
        "osm_type": "node",
        "name": "D1",
        "brand": "D1",
        "operator": null,
        "addr_full": null,
        "addr_street": null,
        "addr_housenumber": null,
        "addr_city": null,
        "addr_state": null,
        "addr_postcode": null,
        "opening_hours": null,
        "phone": null,
        "website": null
      }
    },
    {
      "type": "Feature",
      "geometry": {
        "type": "Point",
        "coordinates": [
          -74.0277937,
          4.909373
        ]
      },
      "properties": {
        "osm_id": 12216445142,
        "osm_type": "node",
        "name": "D1",
        "brand": "D1",
        "operator": null,
        "addr_full": null,
        "addr_street": null,
        "addr_housenumber": null,
        "addr_city": null,
        "addr_state": null,
        "addr_postcode": null,
        "opening_hours": null,
        "phone": null,
        "website": null
      }
    },
    {
      "type": "Feature",
      "geometry": {
        "type": "Point",
        "coordinates": [
          -75.4830279,
          5.0584759
        ]
      },
      "properties": {
        "osm_id": 12223080754,
        "osm_type": "node",
        "name": "D1",
        "brand": "D1",
        "operator": null,
        "addr_full": null,
        "addr_street": null,
        "addr_housenumber": null,
        "addr_city": null,
        "addr_state": null,
        "addr_postcode": null,
        "opening_hours": null,
        "phone": null,
        "website": null
      }
    },
    {
      "type": "Feature",
      "geometry": {
        "type": "Point",
        "coordinates": [
          -75.4886863,
          5.0672307
        ]
      },
      "properties": {
        "osm_id": 12223130207,
        "osm_type": "node",
        "name": "D1",
        "brand": "D1",
        "operator": null,
        "addr_full": null,
        "addr_street": null,
        "addr_housenumber": null,
        "addr_city": null,
        "addr_state": null,
        "addr_postcode": null,
        "opening_hours": null,
        "phone": null,
        "website": null
      }
    },
    {
      "type": "Feature",
      "geometry": {
        "type": "Point",
        "coordinates": [
          -74.0233869,
          4.9174411
        ]
      },
      "properties": {
        "osm_id": 12240542724,
        "osm_type": "node",
        "name": "D1",
        "brand": "D1",
        "operator": null,
        "addr_full": null,
        "addr_street": null,
        "addr_housenumber": null,
        "addr_city": null,
        "addr_state": null,
        "addr_postcode": null,
        "opening_hours": null,
        "phone": null,
        "website": null
      }
    },
    {
      "type": "Feature",
      "geometry": {
        "type": "Point",
        "coordinates": [
          -74.0745644,
          4.7365294
        ]
      },
      "properties": {
        "osm_id": 12273432802,
        "osm_type": "node",
        "name": "Tienda D1",
        "brand": null,
        "operator": null,
        "addr_full": null,
        "addr_street": null,
        "addr_housenumber": null,
        "addr_city": null,
        "addr_state": null,
        "addr_postcode": null,
        "opening_hours": null,
        "phone": null,
        "website": null
      }
    },
    {
      "type": "Feature",
      "geometry": {
        "type": "Point",
        "coordinates": [
          -76.2383518,
          4.512727
        ]
      },
      "properties": {
        "osm_id": 12288644004,
        "osm_type": "node",
        "name": "D1",
        "brand": "D1",
        "operator": null,
        "addr_full": null,
        "addr_street": null,
        "addr_housenumber": null,
        "addr_city": null,
        "addr_state": null,
        "addr_postcode": null,
        "opening_hours": null,
        "phone": null,
        "website": null
      }
    },
    {
      "type": "Feature",
      "geometry": {
        "type": "Point",
        "coordinates": [
          -75.669106,
          4.5371495
        ]
      },
      "properties": {
        "osm_id": 12295736800,
        "osm_type": "node",
        "name": "D1",
        "brand": "D1",
        "operator": null,
        "addr_full": null,
        "addr_street": null,
        "addr_housenumber": null,
        "addr_city": null,
        "addr_state": null,
        "addr_postcode": null,
        "opening_hours": null,
        "phone": null,
        "website": null
      }
    },
    {
      "type": "Feature",
      "geometry": {
        "type": "Point",
        "coordinates": [
          -75.4945505,
          5.0702164
        ]
      },
      "properties": {
        "osm_id": 12312293502,
        "osm_type": "node",
        "name": "D1",
        "brand": null,
        "operator": null,
        "addr_full": null,
        "addr_street": null,
        "addr_housenumber": null,
        "addr_city": null,
        "addr_state": null,
        "addr_postcode": null,
        "opening_hours": null,
        "phone": null,
        "website": null
      }
    },
    {
      "type": "Feature",
      "geometry": {
        "type": "Point",
        "coordinates": [
          -74.0450395,
          4.7321905
        ]
      },
      "properties": {
        "osm_id": 12321525838,
        "osm_type": "node",
        "name": "D1",
        "brand": "D1",
        "operator": null,
        "addr_full": null,
        "addr_street": null,
        "addr_housenumber": null,
        "addr_city": null,
        "addr_state": null,
        "addr_postcode": null,
        "opening_hours": null,
        "phone": null,
        "website": null
      }
    },
    {
      "type": "Feature",
      "geometry": {
        "type": "Point",
        "coordinates": [
          -73.1083949,
          7.0957478
        ]
      },
      "properties": {
        "osm_id": 12323685749,
        "osm_type": "node",
        "name": "D1",
        "brand": "D1",
        "operator": null,
        "addr_full": null,
        "addr_street": null,
        "addr_housenumber": null,
        "addr_city": null,
        "addr_state": null,
        "addr_postcode": null,
        "opening_hours": null,
        "phone": null,
        "website": null
      }
    },
    {
      "type": "Feature",
      "geometry": {
        "type": "Point",
        "coordinates": [
          -75.5853627,
          6.2576365
        ]
      },
      "properties": {
        "osm_id": 12328816459,
        "osm_type": "node",
        "name": "D1",
        "brand": null,
        "operator": null,
        "addr_full": null,
        "addr_street": null,
        "addr_housenumber": null,
        "addr_city": null,
        "addr_state": null,
        "addr_postcode": null,
        "opening_hours": null,
        "phone": null,
        "website": null
      }
    },
    {
      "type": "Feature",
      "geometry": {
        "type": "Point",
        "coordinates": [
          -73.1041767,
          7.0874769
        ]
      },
      "properties": {
        "osm_id": 12343825589,
        "osm_type": "node",
        "name": "D1",
        "brand": "D1",
        "operator": null,
        "addr_full": null,
        "addr_street": null,
        "addr_housenumber": null,
        "addr_city": null,
        "addr_state": null,
        "addr_postcode": null,
        "opening_hours": null,
        "phone": null,
        "website": null
      }
    },
    {
      "type": "Feature",
      "geometry": {
        "type": "Point",
        "coordinates": [
          -73.1041008,
          7.0873532
        ]
      },
      "properties": {
        "osm_id": 12343825600,
        "osm_type": "node",
        "name": null,
        "brand": null,
        "operator": "D1",
        "addr_full": null,
        "addr_street": null,
        "addr_housenumber": null,
        "addr_city": null,
        "addr_state": null,
        "addr_postcode": null,
        "opening_hours": null,
        "phone": null,
        "website": null
      }
    },
    {
      "type": "Feature",
      "geometry": {
        "type": "Point",
        "coordinates": [
          -73.1071305,
          7.0695096
        ]
      },
      "properties": {
        "osm_id": 12351489966,
        "osm_type": "node",
        "name": "D1",
        "brand": "D1",
        "operator": null,
        "addr_full": null,
        "addr_street": null,
        "addr_housenumber": null,
        "addr_city": null,
        "addr_state": null,
        "addr_postcode": null,
        "opening_hours": null,
        "phone": null,
        "website": null
      }
    },
    {
      "type": "Feature",
      "geometry": {
        "type": "Point",
        "coordinates": [
          -75.3422344,
          6.0812062
        ]
      },
      "properties": {
        "osm_id": 12364891101,
        "osm_type": "node",
        "name": "D1",
        "brand": null,
        "operator": null,
        "addr_full": null,
        "addr_street": "Vía Aguas Claras - El Carmen de Viboral",
        "addr_housenumber": null,
        "addr_city": null,
        "addr_state": null,
        "addr_postcode": null,
        "opening_hours": "Mo-Su 08:00-20:00",
        "phone": null,
        "website": "https://d1.com.co/"
      }
    },
    {
      "type": "Feature",
      "geometry": {
        "type": "Point",
        "coordinates": [
          -74.0539842,
          4.6540461
        ]
      },
      "properties": {
        "osm_id": 12389258966,
        "osm_type": "node",
        "name": "D1",
        "brand": "D1",
        "operator": null,
        "addr_full": null,
        "addr_street": null,
        "addr_housenumber": null,
        "addr_city": null,
        "addr_state": null,
        "addr_postcode": null,
        "opening_hours": null,
        "phone": null,
        "website": null
      }
    },
    {
      "type": "Feature",
      "geometry": {
        "type": "Point",
        "coordinates": [
          -75.7670452,
          4.623212
        ]
      },
      "properties": {
        "osm_id": 12407913601,
        "osm_type": "node",
        "name": "D1",
        "brand": null,
        "operator": null,
        "addr_full": null,
        "addr_street": null,
        "addr_housenumber": null,
        "addr_city": null,
        "addr_state": null,
        "addr_postcode": null,
        "opening_hours": null,
        "phone": null,
        "website": null
      }
    },
    {
      "type": "Feature",
      "geometry": {
        "type": "Point",
        "coordinates": [
          -74.8221489,
          11.0186318
        ]
      },
      "properties": {
        "osm_id": 12421946232,
        "osm_type": "node",
        "name": "D1",
        "brand": "D1",
        "operator": null,
        "addr_full": null,
        "addr_street": "Carrera 64",
        "addr_housenumber": "98",
        "addr_city": "Barranquilla",
        "addr_state": null,
        "addr_postcode": null,
        "opening_hours": null,
        "phone": null,
        "website": null
      }
    },
    {
      "type": "Feature",
      "geometry": {
        "type": "Point",
        "coordinates": [
          -74.2135701,
          11.2336942
        ]
      },
      "properties": {
        "osm_id": 12438026001,
        "osm_type": "node",
        "name": "D1",
        "brand": null,
        "operator": null,
        "addr_full": null,
        "addr_street": null,
        "addr_housenumber": null,
        "addr_city": null,
        "addr_state": null,
        "addr_postcode": null,
        "opening_hours": null,
        "phone": null,
        "website": null
      }
    },
    {
      "type": "Feature",
      "geometry": {
        "type": "Point",
        "coordinates": [
          -73.3003823,
          6.2654971
        ]
      },
      "properties": {
        "osm_id": 12438874107,
        "osm_type": "node",
        "name": "D1",
        "brand": "D1",
        "operator": null,
        "addr_full": null,
        "addr_street": null,
        "addr_housenumber": null,
        "addr_city": "Oiba",
        "addr_state": null,
        "addr_postcode": null,
        "opening_hours": null,
        "phone": null,
        "website": null
      }
    },
    {
      "type": "Feature",
      "geometry": {
        "type": "Point",
        "coordinates": [
          -74.8252215,
          11.0394061
        ]
      },
      "properties": {
        "osm_id": 12449650886,
        "osm_type": "node",
        "name": "D1",
        "brand": null,
        "operator": null,
        "addr_full": null,
        "addr_street": "Vía 40",
        "addr_housenumber": "107-40",
        "addr_city": "Barranquilla",
        "addr_state": null,
        "addr_postcode": null,
        "opening_hours": "Mo-Su 07:00-21:00",
        "phone": "01 8000 120201",
        "website": "https://d1.com.co/"
      }
    },
    {
      "type": "Feature",
      "geometry": {
        "type": "Point",
        "coordinates": [
          -76.5002402,
          3.4748256
        ]
      },
      "properties": {
        "osm_id": 12453673620,
        "osm_type": "node",
        "name": "D1",
        "brand": "D1",
        "operator": null,
        "addr_full": null,
        "addr_street": null,
        "addr_housenumber": null,
        "addr_city": null,
        "addr_state": null,
        "addr_postcode": null,
        "opening_hours": null,
        "phone": null,
        "website": null
      }
    },
    {
      "type": "Feature",
      "geometry": {
        "type": "Point",
        "coordinates": [
          -74.0432628,
          4.7625215
        ]
      },
      "properties": {
        "osm_id": 12467706585,
        "osm_type": "node",
        "name": "Tiendas D1",
        "brand": "D1",
        "operator": null,
        "addr_full": null,
        "addr_street": null,
        "addr_housenumber": null,
        "addr_city": null,
        "addr_state": null,
        "addr_postcode": null,
        "opening_hours": null,
        "phone": null,
        "website": null
      }
    },
    {
      "type": "Feature",
      "geometry": {
        "type": "Point",
        "coordinates": [
          -75.6423686,
          6.1613649
        ]
      },
      "properties": {
        "osm_id": 12483455875,
        "osm_type": "node",
        "name": "Tienda D1",
        "brand": null,
        "operator": null,
        "addr_full": null,
        "addr_street": null,
        "addr_housenumber": null,
        "addr_city": null,
        "addr_state": null,
        "addr_postcode": null,
        "opening_hours": "Mo-Su,PH 07:00-21:00",
        "phone": null,
        "website": null
      }
    },
    {
      "type": "Feature",
      "geometry": {
        "type": "Point",
        "coordinates": [
          -74.2164951,
          4.5807725
        ]
      },
      "properties": {
        "osm_id": 12507585767,
        "osm_type": "node",
        "name": "D1",
        "brand": "D1",
        "operator": "D1",
        "addr_full": null,
        "addr_street": null,
        "addr_housenumber": null,
        "addr_city": null,
        "addr_state": null,
        "addr_postcode": null,
        "opening_hours": null,
        "phone": null,
        "website": null
      }
    },
    {
      "type": "Feature",
      "geometry": {
        "type": "Point",
        "coordinates": [
          -76.6024068,
          2.452873
        ]
      },
      "properties": {
        "osm_id": 12526854029,
        "osm_type": "node",
        "name": "D1",
        "brand": "D1",
        "operator": null,
        "addr_full": null,
        "addr_street": null,
        "addr_housenumber": null,
        "addr_city": null,
        "addr_state": null,
        "addr_postcode": null,
        "opening_hours": null,
        "phone": null,
        "website": null
      }
    },
    {
      "type": "Feature",
      "geometry": {
        "type": "Point",
        "coordinates": [
          -74.1908731,
          11.2659841
        ]
      },
      "properties": {
        "osm_id": 12560191501,
        "osm_type": "node",
        "name": "D1",
        "brand": null,
        "operator": null,
        "addr_full": null,
        "addr_street": null,
        "addr_housenumber": null,
        "addr_city": null,
        "addr_state": null,
        "addr_postcode": null,
        "opening_hours": null,
        "phone": null,
        "website": null
      }
    },
    {
      "type": "Feature",
      "geometry": {
        "type": "Point",
        "coordinates": [
          -75.5843525,
          9.5250418
        ]
      },
      "properties": {
        "osm_id": 12560517218,
        "osm_type": "node",
        "name": "Tienda D1",
        "brand": null,
        "operator": null,
        "addr_full": null,
        "addr_street": null,
        "addr_housenumber": null,
        "addr_city": null,
        "addr_state": null,
        "addr_postcode": null,
        "opening_hours": null,
        "phone": null,
        "website": null
      }
    },
    {
      "type": "Feature",
      "geometry": {
        "type": "Point",
        "coordinates": [
          -74.2112315,
          11.2401584
        ]
      },
      "properties": {
        "osm_id": 12563440001,
        "osm_type": "node",
        "name": "D1",
        "brand": null,
        "operator": null,
        "addr_full": null,
        "addr_street": null,
        "addr_housenumber": null,
        "addr_city": null,
        "addr_state": null,
        "addr_postcode": null,
        "opening_hours": null,
        "phone": null,
        "website": null
      }
    },
    {
      "type": "Feature",
      "geometry": {
        "type": "Point",
        "coordinates": [
          -74.2246057,
          11.2039523
        ]
      },
      "properties": {
        "osm_id": 12563473601,
        "osm_type": "node",
        "name": "D1",
        "brand": null,
        "operator": null,
        "addr_full": null,
        "addr_street": null,
        "addr_housenumber": null,
        "addr_city": null,
        "addr_state": null,
        "addr_postcode": null,
        "opening_hours": null,
        "phone": null,
        "website": null
      }
    },
    {
      "type": "Feature",
      "geometry": {
        "type": "Point",
        "coordinates": [
          -75.5948972,
          1.6036909
        ]
      },
      "properties": {
        "osm_id": 12578952601,
        "osm_type": "node",
        "name": "D1",
        "brand": "D1",
        "operator": null,
        "addr_full": null,
        "addr_street": null,
        "addr_housenumber": null,
        "addr_city": null,
        "addr_state": null,
        "addr_postcode": "180002",
        "opening_hours": null,
        "phone": null,
        "website": null
      }
    },
    {
      "type": "Feature",
      "geometry": {
        "type": "Point",
        "coordinates": [
          -75.3680137,
          6.149249
        ]
      },
      "properties": {
        "osm_id": 12587596701,
        "osm_type": "node",
        "name": "D1",
        "brand": null,
        "operator": null,
        "addr_full": null,
        "addr_street": null,
        "addr_housenumber": null,
        "addr_city": null,
        "addr_state": null,
        "addr_postcode": null,
        "opening_hours": "Mo-Su 08:00-21:00",
        "phone": null,
        "website": null
      }
    },
    {
      "type": "Feature",
      "geometry": {
        "type": "Point",
        "coordinates": [
          -74.1306365,
          4.5783211
        ]
      },
      "properties": {
        "osm_id": 12599744122,
        "osm_type": "node",
        "name": "D1",
        "brand": "D1",
        "operator": "D1",
        "addr_full": null,
        "addr_street": "Calle 48C Sur",
        "addr_housenumber": null,
        "addr_city": "Bogotá",
        "addr_state": null,
        "addr_postcode": null,
        "opening_hours": null,
        "phone": null,
        "website": null
      }
    },
    {
      "type": "Feature",
      "geometry": {
        "type": "Point",
        "coordinates": [
          -75.577601,
          6.1931683
        ]
      },
      "properties": {
        "osm_id": 12669305201,
        "osm_type": "node",
        "name": "D1",
        "brand": null,
        "operator": null,
        "addr_full": null,
        "addr_street": null,
        "addr_housenumber": null,
        "addr_city": null,
        "addr_state": null,
        "addr_postcode": null,
        "opening_hours": null,
        "phone": null,
        "website": null
      }
    },
    {
      "type": "Feature",
      "geometry": {
        "type": "Point",
        "coordinates": [
          -75.5566509,
          6.2021675
        ]
      },
      "properties": {
        "osm_id": 12706124412,
        "osm_type": "node",
        "name": "D1",
        "brand": null,
        "operator": null,
        "addr_full": null,
        "addr_street": null,
        "addr_housenumber": null,
        "addr_city": null,
        "addr_state": null,
        "addr_postcode": null,
        "opening_hours": null,
        "phone": null,
        "website": null
      }
    },
    {
      "type": "Feature",
      "geometry": {
        "type": "Point",
        "coordinates": [
          -75.5201742,
          5.0728555
        ]
      },
      "properties": {
        "osm_id": 12715062599,
        "osm_type": "node",
        "name": "D1",
        "brand": "D1",
        "operator": null,
        "addr_full": null,
        "addr_street": null,
        "addr_housenumber": null,
        "addr_city": null,
        "addr_state": null,
        "addr_postcode": null,
        "opening_hours": null,
        "phone": null,
        "website": null
      }
    },
    {
      "type": "Feature",
      "geometry": {
        "type": "Point",
        "coordinates": [
          -75.5056442,
          5.0654096
        ]
      },
      "properties": {
        "osm_id": 12715074503,
        "osm_type": "node",
        "name": "D1",
        "brand": "D1",
        "operator": null,
        "addr_full": null,
        "addr_street": null,
        "addr_housenumber": null,
        "addr_city": null,
        "addr_state": null,
        "addr_postcode": null,
        "opening_hours": null,
        "phone": null,
        "website": null
      }
    },
    {
      "type": "Feature",
      "geometry": {
        "type": "Point",
        "coordinates": [
          -74.058282,
          4.7528648
        ]
      },
      "properties": {
        "osm_id": 12729259012,
        "osm_type": "node",
        "name": "D1",
        "brand": "D1",
        "operator": null,
        "addr_full": null,
        "addr_street": null,
        "addr_housenumber": null,
        "addr_city": null,
        "addr_state": null,
        "addr_postcode": null,
        "opening_hours": null,
        "phone": null,
        "website": null
      }
    },
    {
      "type": "Feature",
      "geometry": {
        "type": "Point",
        "coordinates": [
          -74.0592223,
          4.7498664
        ]
      },
      "properties": {
        "osm_id": 12729288183,
        "osm_type": "node",
        "name": "D1",
        "brand": "D1",
        "operator": null,
        "addr_full": null,
        "addr_street": null,
        "addr_housenumber": null,
        "addr_city": null,
        "addr_state": null,
        "addr_postcode": null,
        "opening_hours": null,
        "phone": null,
        "website": null
      }
    },
    {
      "type": "Feature",
      "geometry": {
        "type": "Point",
        "coordinates": [
          -74.8777403,
          11.0158768
        ]
      },
      "properties": {
        "osm_id": 12778962223,
        "osm_type": "node",
        "name": "D1",
        "brand": "D1",
        "operator": null,
        "addr_full": null,
        "addr_street": null,
        "addr_housenumber": null,
        "addr_city": null,
        "addr_state": null,
        "addr_postcode": null,
        "opening_hours": null,
        "phone": null,
        "website": null
      }
    },
    {
      "type": "Feature",
      "geometry": {
        "type": "Point",
        "coordinates": [
          -72.4693869,
          6.1865289
        ]
      },
      "properties": {
        "osm_id": 12805261201,
        "osm_type": "node",
        "name": "D1",
        "brand": null,
        "operator": null,
        "addr_full": null,
        "addr_street": null,
        "addr_housenumber": null,
        "addr_city": null,
        "addr_state": null,
        "addr_postcode": null,
        "opening_hours": null,
        "phone": null,
        "website": null
      }
    },
    {
      "type": "Feature",
      "geometry": {
        "type": "Point",
        "coordinates": [
          -73.1085613,
          7.116498
        ]
      },
      "properties": {
        "osm_id": 12806694587,
        "osm_type": "node",
        "name": "Tiendas D1",
        "brand": null,
        "operator": null,
        "addr_full": null,
        "addr_street": null,
        "addr_housenumber": null,
        "addr_city": null,
        "addr_state": null,
        "addr_postcode": null,
        "opening_hours": null,
        "phone": null,
        "website": null
      }
    },
    {
      "type": "Feature",
      "geometry": {
        "type": "Point",
        "coordinates": [
          -75.7812634,
          5.2430328
        ]
      },
      "properties": {
        "osm_id": 12814753715,
        "osm_type": "node",
        "name": "D1",
        "brand": "D1",
        "operator": null,
        "addr_full": null,
        "addr_street": null,
        "addr_housenumber": null,
        "addr_city": null,
        "addr_state": null,
        "addr_postcode": null,
        "opening_hours": null,
        "phone": null,
        "website": null
      }
    },
    {
      "type": "Feature",
      "geometry": {
        "type": "Point",
        "coordinates": [
          -75.7873341,
          5.2319675
        ]
      },
      "properties": {
        "osm_id": 12814753718,
        "osm_type": "node",
        "name": "D1",
        "brand": "D1",
        "operator": null,
        "addr_full": null,
        "addr_street": null,
        "addr_housenumber": null,
        "addr_city": null,
        "addr_state": null,
        "addr_postcode": null,
        "opening_hours": null,
        "phone": null,
        "website": null
      }
    },
    {
      "type": "Feature",
      "geometry": {
        "type": "Point",
        "coordinates": [
          -74.2102028,
          4.6136403
        ]
      },
      "properties": {
        "osm_id": 12815823332,
        "osm_type": "node",
        "name": "D1",
        "brand": "D1",
        "operator": null,
        "addr_full": null,
        "addr_street": null,
        "addr_housenumber": null,
        "addr_city": null,
        "addr_state": null,
        "addr_postcode": null,
        "opening_hours": null,
        "phone": null,
        "website": null
      }
    },
    {
      "type": "Feature",
      "geometry": {
        "type": "Point",
        "coordinates": [
          -73.1139926,
          7.1137994
        ]
      },
      "properties": {
        "osm_id": 12824607973,
        "osm_type": "node",
        "name": "D1",
        "brand": "D1",
        "operator": null,
        "addr_full": null,
        "addr_street": null,
        "addr_housenumber": null,
        "addr_city": null,
        "addr_state": null,
        "addr_postcode": null,
        "opening_hours": null,
        "phone": null,
        "website": null
      }
    },
    {
      "type": "Feature",
      "geometry": {
        "type": "Point",
        "coordinates": [
          -73.2222022,
          6.6355334
        ]
      },
      "properties": {
        "osm_id": 12845275402,
        "osm_type": "node",
        "name": "D1",
        "brand": null,
        "operator": null,
        "addr_full": null,
        "addr_street": null,
        "addr_housenumber": null,
        "addr_city": null,
        "addr_state": null,
        "addr_postcode": null,
        "opening_hours": null,
        "phone": null,
        "website": null
      }
    },
    {
      "type": "Feature",
      "geometry": {
        "type": "Point",
        "coordinates": [
          -73.2692514,
          6.8148908
        ]
      },
      "properties": {
        "osm_id": 12845277801,
        "osm_type": "node",
        "name": "D1",
        "brand": null,
        "operator": null,
        "addr_full": null,
        "addr_street": null,
        "addr_housenumber": null,
        "addr_city": null,
        "addr_state": null,
        "addr_postcode": null,
        "opening_hours": "Mo-Su 07:00-21:00",
        "phone": null,
        "website": null
      }
    },
    {
      "type": "Feature",
      "geometry": {
        "type": "Point",
        "coordinates": [
          -75.0200078,
          6.485487
        ]
      },
      "properties": {
        "osm_id": 12856635601,
        "osm_type": "node",
        "name": "D1",
        "brand": null,
        "operator": null,
        "addr_full": null,
        "addr_street": null,
        "addr_housenumber": null,
        "addr_city": null,
        "addr_state": null,
        "addr_postcode": null,
        "opening_hours": null,
        "phone": null,
        "website": null
      }
    },
    {
      "type": "Feature",
      "geometry": {
        "type": "Point",
        "coordinates": [
          -75.4907592,
          6.2274786
        ]
      },
      "properties": {
        "osm_id": 12865155103,
        "osm_type": "node",
        "name": "D1",
        "brand": null,
        "operator": null,
        "addr_full": null,
        "addr_street": null,
        "addr_housenumber": null,
        "addr_city": null,
        "addr_state": null,
        "addr_postcode": null,
        "opening_hours": null,
        "phone": null,
        "website": null
      }
    },
    {
      "type": "Feature",
      "geometry": {
        "type": "Point",
        "coordinates": [
          -75.634897,
          6.079145
        ]
      },
      "properties": {
        "osm_id": 12876218801,
        "osm_type": "node",
        "name": "D1",
        "brand": null,
        "operator": null,
        "addr_full": null,
        "addr_street": null,
        "addr_housenumber": null,
        "addr_city": null,
        "addr_state": null,
        "addr_postcode": null,
        "opening_hours": null,
        "phone": null,
        "website": null
      }
    },
    {
      "type": "Feature",
      "geometry": {
        "type": "Point",
        "coordinates": [
          -75.7035388,
          6.0403611
        ]
      },
      "properties": {
        "osm_id": 12876219001,
        "osm_type": "node",
        "name": "D1",
        "brand": null,
        "operator": null,
        "addr_full": null,
        "addr_street": null,
        "addr_housenumber": null,
        "addr_city": null,
        "addr_state": null,
        "addr_postcode": null,
        "opening_hours": null,
        "phone": null,
        "website": null
      }
    },
    {
      "type": "Feature",
      "geometry": {
        "type": "Point",
        "coordinates": [
          -75.635977,
          6.1621097
        ]
      },
      "properties": {
        "osm_id": 12879290198,
        "osm_type": "node",
        "name": "D1",
        "brand": "D1",
        "operator": null,
        "addr_full": null,
        "addr_street": null,
        "addr_housenumber": null,
        "addr_city": null,
        "addr_state": null,
        "addr_postcode": null,
        "opening_hours": null,
        "phone": null,
        "website": null
      }
    },
    {
      "type": "Feature",
      "geometry": {
        "type": "Point",
        "coordinates": [
          -75.4879825,
          5.4052372
        ]
      },
      "properties": {
        "osm_id": 12900521601,
        "osm_type": "node",
        "name": "D1",
        "brand": null,
        "operator": null,
        "addr_full": null,
        "addr_street": null,
        "addr_housenumber": null,
        "addr_city": null,
        "addr_state": null,
        "addr_postcode": null,
        "opening_hours": null,
        "phone": null,
        "website": null
      }
    },
    {
      "type": "Feature",
      "geometry": {
        "type": "Point",
        "coordinates": [
          -75.4904016,
          5.2724084
        ]
      },
      "properties": {
        "osm_id": 12908505001,
        "osm_type": "node",
        "name": "D1",
        "brand": null,
        "operator": null,
        "addr_full": null,
        "addr_street": null,
        "addr_housenumber": null,
        "addr_city": null,
        "addr_state": null,
        "addr_postcode": null,
        "opening_hours": null,
        "phone": null,
        "website": null
      }
    },
    {
      "type": "Feature",
      "geometry": {
        "type": "Point",
        "coordinates": [
          -75.5212896,
          5.1678408
        ]
      },
      "properties": {
        "osm_id": 12911735701,
        "osm_type": "node",
        "name": "D1",
        "brand": null,
        "operator": null,
        "addr_full": null,
        "addr_street": null,
        "addr_housenumber": null,
        "addr_city": null,
        "addr_state": null,
        "addr_postcode": null,
        "opening_hours": null,
        "phone": null,
        "website": null
      }
    },
    {
      "type": "Feature",
      "geometry": {
        "type": "Point",
        "coordinates": [
          -75.9348474,
          4.2639974
        ]
      },
      "properties": {
        "osm_id": 12920332902,
        "osm_type": "node",
        "name": "D1",
        "brand": null,
        "operator": null,
        "addr_full": null,
        "addr_street": null,
        "addr_housenumber": null,
        "addr_city": null,
        "addr_state": null,
        "addr_postcode": null,
        "opening_hours": null,
        "phone": null,
        "website": null
      }
    },
    {
      "type": "Feature",
      "geometry": {
        "type": "Point",
        "coordinates": [
          -76.2088254,
          4.098387
        ]
      },
      "properties": {
        "osm_id": 12925063901,
        "osm_type": "node",
        "name": "D1",
        "brand": null,
        "operator": null,
        "addr_full": null,
        "addr_street": null,
        "addr_housenumber": null,
        "addr_city": null,
        "addr_state": null,
        "addr_postcode": null,
        "opening_hours": null,
        "phone": null,
        "website": null
      }
    },
    {
      "type": "Feature",
      "geometry": {
        "type": "Point",
        "coordinates": [
          -76.536326,
          3.4453748
        ]
      },
      "properties": {
        "osm_id": 12942539501,
        "osm_type": "node",
        "name": "D1",
        "brand": null,
        "operator": null,
        "addr_full": null,
        "addr_street": null,
        "addr_housenumber": null,
        "addr_city": null,
        "addr_state": null,
        "addr_postcode": null,
        "opening_hours": null,
        "phone": null,
        "website": null
      }
    },
    {
      "type": "Feature",
      "geometry": {
        "type": "Point",
        "coordinates": [
          -76.5342942,
          3.4359098
        ]
      },
      "properties": {
        "osm_id": 12942540502,
        "osm_type": "node",
        "name": "D1",
        "brand": null,
        "operator": null,
        "addr_full": null,
        "addr_street": null,
        "addr_housenumber": null,
        "addr_city": null,
        "addr_state": null,
        "addr_postcode": null,
        "opening_hours": null,
        "phone": null,
        "website": null
      }
    },
    {
      "type": "Feature",
      "geometry": {
        "type": "Point",
        "coordinates": [
          -76.5543546,
          3.2419826
        ]
      },
      "properties": {
        "osm_id": 12946730910,
        "osm_type": "node",
        "name": "D1",
        "brand": null,
        "operator": null,
        "addr_full": null,
        "addr_street": null,
        "addr_housenumber": null,
        "addr_city": null,
        "addr_state": null,
        "addr_postcode": null,
        "opening_hours": null,
        "phone": null,
        "website": null
      }
    },
    {
      "type": "Feature",
      "geometry": {
        "type": "Point",
        "coordinates": [
          -76.4871279,
          3.0063543
        ]
      },
      "properties": {
        "osm_id": 12947517501,
        "osm_type": "node",
        "name": "D1",
        "brand": null,
        "operator": null,
        "addr_full": null,
        "addr_street": null,
        "addr_housenumber": null,
        "addr_city": null,
        "addr_state": null,
        "addr_postcode": null,
        "opening_hours": null,
        "phone": null,
        "website": null
      }
    },
    {
      "type": "Feature",
      "geometry": {
        "type": "Point",
        "coordinates": [
          -74.7927511,
          4.3159827
        ]
      },
      "properties": {
        "osm_id": 12951170126,
        "osm_type": "node",
        "name": "D1",
        "brand": "D1",
        "operator": null,
        "addr_full": null,
        "addr_street": "Transversal 9",
        "addr_housenumber": null,
        "addr_city": "Girardot",
        "addr_state": null,
        "addr_postcode": "252432",
        "opening_hours": null,
        "phone": null,
        "website": null
      }
    },
    {
      "type": "Feature",
      "geometry": {
        "type": "Point",
        "coordinates": [
          -77.1299721,
          1.6058302
        ]
      },
      "properties": {
        "osm_id": 12962391801,
        "osm_type": "node",
        "name": "D1",
        "brand": null,
        "operator": null,
        "addr_full": null,
        "addr_street": null,
        "addr_housenumber": null,
        "addr_city": null,
        "addr_state": null,
        "addr_postcode": null,
        "opening_hours": null,
        "phone": null,
        "website": null
      }
    },
    {
      "type": "Feature",
      "geometry": {
        "type": "Point",
        "coordinates": [
          -75.4658433,
          10.4054894
        ]
      },
      "properties": {
        "osm_id": 12974296386,
        "osm_type": "node",
        "name": "D1",
        "brand": "D1",
        "operator": null,
        "addr_full": null,
        "addr_street": null,
        "addr_housenumber": null,
        "addr_city": null,
        "addr_state": null,
        "addr_postcode": null,
        "opening_hours": null,
        "phone": null,
        "website": null
      }
    },
    {
      "type": "Feature",
      "geometry": {
        "type": "Point",
        "coordinates": [
          -74.2016225,
          4.611676
        ]
      },
      "properties": {
        "osm_id": 12983434455,
        "osm_type": "node",
        "name": "D1",
        "brand": "D1",
        "operator": null,
        "addr_full": null,
        "addr_street": null,
        "addr_housenumber": null,
        "addr_city": null,
        "addr_state": null,
        "addr_postcode": null,
        "opening_hours": null,
        "phone": null,
        "website": null
      }
    },
    {
      "type": "Feature",
      "geometry": {
        "type": "Point",
        "coordinates": [
          -77.639349,
          0.8274754
        ]
      },
      "properties": {
        "osm_id": 12984662902,
        "osm_type": "node",
        "name": "D1",
        "brand": null,
        "operator": null,
        "addr_full": null,
        "addr_street": null,
        "addr_housenumber": null,
        "addr_city": null,
        "addr_state": null,
        "addr_postcode": null,
        "opening_hours": "Mo-Su 08:00-21:00",
        "phone": null,
        "website": null
      }
    },
    {
      "type": "Feature",
      "geometry": {
        "type": "Point",
        "coordinates": [
          -75.8739857,
          8.7329889
        ]
      },
      "properties": {
        "osm_id": 12986984502,
        "osm_type": "node",
        "name": "D1",
        "brand": null,
        "operator": null,
        "addr_full": null,
        "addr_street": null,
        "addr_housenumber": null,
        "addr_city": null,
        "addr_state": null,
        "addr_postcode": null,
        "opening_hours": "Mo-Sa 07:00-21:00; Su 08:00-20:00",
        "phone": null,
        "website": null
      }
    },
    {
      "type": "Feature",
      "geometry": {
        "type": "Point",
        "coordinates": [
          -75.8569009,
          8.7465902
        ]
      },
      "properties": {
        "osm_id": 12986990701,
        "osm_type": "node",
        "name": "D1",
        "brand": null,
        "operator": null,
        "addr_full": null,
        "addr_street": null,
        "addr_housenumber": null,
        "addr_city": null,
        "addr_state": null,
        "addr_postcode": null,
        "opening_hours": null,
        "phone": null,
        "website": null
      }
    },
    {
      "type": "Feature",
      "geometry": {
        "type": "Point",
        "coordinates": [
          -74.6416938,
          4.2059706
        ]
      },
      "properties": {
        "osm_id": 13061076401,
        "osm_type": "node",
        "name": "D1",
        "brand": null,
        "operator": null,
        "addr_full": null,
        "addr_street": null,
        "addr_housenumber": null,
        "addr_city": null,
        "addr_state": null,
        "addr_postcode": null,
        "opening_hours": "Mo-Su 09:00-21:00",
        "phone": null,
        "website": "https://d1.com.co/"
      }
    },
    {
      "type": "Feature",
      "geometry": {
        "type": "Point",
        "coordinates": [
          -75.5724642,
          6.2235846
        ]
      },
      "properties": {
        "osm_id": 13101104711,
        "osm_type": "node",
        "name": "D1",
        "brand": "D1",
        "operator": null,
        "addr_full": null,
        "addr_street": null,
        "addr_housenumber": null,
        "addr_city": null,
        "addr_state": null,
        "addr_postcode": null,
        "opening_hours": null,
        "phone": null,
        "website": null
      }
    },
    {
      "type": "Feature",
      "geometry": {
        "type": "Point",
        "coordinates": [
          -76.61595,
          2.4373349
        ]
      },
      "properties": {
        "osm_id": 13112978404,
        "osm_type": "node",
        "name": "D1",
        "brand": "D1",
        "operator": null,
        "addr_full": null,
        "addr_street": null,
        "addr_housenumber": null,
        "addr_city": null,
        "addr_state": null,
        "addr_postcode": null,
        "opening_hours": null,
        "phone": null,
        "website": null
      }
    },
    {
      "type": "Feature",
      "geometry": {
        "type": "Point",
        "coordinates": [
          -75.5994149,
          6.24936
        ]
      },
      "properties": {
        "osm_id": 13119502145,
        "osm_type": "node",
        "name": "D1",
        "brand": "D1",
        "operator": null,
        "addr_full": null,
        "addr_street": null,
        "addr_housenumber": null,
        "addr_city": null,
        "addr_state": null,
        "addr_postcode": null,
        "opening_hours": null,
        "phone": null,
        "website": null
      }
    },
    {
      "type": "Feature",
      "geometry": {
        "type": "Point",
        "coordinates": [
          -75.6069071,
          6.2520107
        ]
      },
      "properties": {
        "osm_id": 13119502149,
        "osm_type": "node",
        "name": "D1",
        "brand": "D1",
        "operator": null,
        "addr_full": null,
        "addr_street": null,
        "addr_housenumber": null,
        "addr_city": null,
        "addr_state": null,
        "addr_postcode": null,
        "opening_hours": null,
        "phone": null,
        "website": null
      }
    },
    {
      "type": "Feature",
      "geometry": {
        "type": "Point",
        "coordinates": [
          -75.612593,
          6.2565673
        ]
      },
      "properties": {
        "osm_id": 13120254390,
        "osm_type": "node",
        "name": "D1",
        "brand": "D1",
        "operator": null,
        "addr_full": null,
        "addr_street": null,
        "addr_housenumber": null,
        "addr_city": null,
        "addr_state": null,
        "addr_postcode": null,
        "opening_hours": null,
        "phone": null,
        "website": null
      }
    },
    {
      "type": "Feature",
      "geometry": {
        "type": "Point",
        "coordinates": [
          -76.5620359,
          2.4770544
        ]
      },
      "properties": {
        "osm_id": 13120425241,
        "osm_type": "node",
        "name": "D1",
        "brand": null,
        "operator": null,
        "addr_full": null,
        "addr_street": null,
        "addr_housenumber": null,
        "addr_city": null,
        "addr_state": null,
        "addr_postcode": null,
        "opening_hours": null,
        "phone": null,
        "website": null
      }
    },
    {
      "type": "Feature",
      "geometry": {
        "type": "Point",
        "coordinates": [
          -75.5668292,
          6.2518117
        ]
      },
      "properties": {
        "osm_id": 13127865893,
        "osm_type": "node",
        "name": "D1",
        "brand": "D1",
        "operator": null,
        "addr_full": null,
        "addr_street": null,
        "addr_housenumber": null,
        "addr_city": null,
        "addr_state": null,
        "addr_postcode": null,
        "opening_hours": null,
        "phone": null,
        "website": null
      }
    },
    {
      "type": "Feature",
      "geometry": {
        "type": "Point",
        "coordinates": [
          -74.0502602,
          4.7315342
        ]
      },
      "properties": {
        "osm_id": 13128311417,
        "osm_type": "node",
        "name": "D1",
        "brand": null,
        "operator": null,
        "addr_full": null,
        "addr_street": null,
        "addr_housenumber": null,
        "addr_city": null,
        "addr_state": null,
        "addr_postcode": null,
        "opening_hours": null,
        "phone": null,
        "website": null
      }
    },
    {
      "type": "Feature",
      "geometry": {
        "type": "Point",
        "coordinates": [
          -75.6574296,
          4.6741157
        ]
      },
      "properties": {
        "osm_id": 268046220,
        "osm_type": "way",
        "name": "Tiendas D1 - Filandia",
        "brand": "D1",
        "operator": null,
        "addr_full": null,
        "addr_street": null,
        "addr_housenumber": null,
        "addr_city": null,
        "addr_state": null,
        "addr_postcode": null,
        "opening_hours": null,
        "phone": null,
        "website": null
      }
    },
    {
      "type": "Feature",
      "geometry": {
        "type": "Point",
        "coordinates": [
          -75.5771755,
          6.2843193
        ]
      },
      "properties": {
        "osm_id": 275091515,
        "osm_type": "way",
        "name": "D1",
        "brand": null,
        "operator": null,
        "addr_full": null,
        "addr_street": null,
        "addr_housenumber": null,
        "addr_city": null,
        "addr_state": null,
        "addr_postcode": null,
        "opening_hours": null,
        "phone": null,
        "website": null
      }
    },
    {
      "type": "Feature",
      "geometry": {
        "type": "Point",
        "coordinates": [
          -75.6424588,
          4.5298485
        ]
      },
      "properties": {
        "osm_id": 321917000,
        "osm_type": "way",
        "name": "D1",
        "brand": "D1",
        "operator": null,
        "addr_full": null,
        "addr_street": null,
        "addr_housenumber": null,
        "addr_city": null,
        "addr_state": null,
        "addr_postcode": null,
        "opening_hours": null,
        "phone": null,
        "website": null
      }
    },
    {
      "type": "Feature",
      "geometry": {
        "type": "Point",
        "coordinates": [
          -75.6396394,
          4.5347314
        ]
      },
      "properties": {
        "osm_id": 323555437,
        "osm_type": "way",
        "name": "Faster Pizza",
        "brand": "D1",
        "operator": null,
        "addr_full": null,
        "addr_street": null,
        "addr_housenumber": null,
        "addr_city": null,
        "addr_state": null,
        "addr_postcode": null,
        "opening_hours": null,
        "phone": null,
        "website": null
      }
    },
    {
      "type": "Feature",
      "geometry": {
        "type": "Point",
        "coordinates": [
          -75.639615,
          4.5348119
        ]
      },
      "properties": {
        "osm_id": 323555442,
        "osm_type": "way",
        "name": "D1",
        "brand": "D1",
        "operator": null,
        "addr_full": null,
        "addr_street": null,
        "addr_housenumber": null,
        "addr_city": null,
        "addr_state": null,
        "addr_postcode": null,
        "opening_hours": null,
        "phone": null,
        "website": null
      }
    },
    {
      "type": "Feature",
      "geometry": {
        "type": "Point",
        "coordinates": [
          -75.692025,
          4.531602
        ]
      },
      "properties": {
        "osm_id": 330299608,
        "osm_type": "way",
        "name": "D1",
        "brand": "D1",
        "operator": null,
        "addr_full": null,
        "addr_street": null,
        "addr_housenumber": null,
        "addr_city": null,
        "addr_state": null,
        "addr_postcode": null,
        "opening_hours": null,
        "phone": null,
        "website": null
      }
    },
    {
      "type": "Feature",
      "geometry": {
        "type": "Point",
        "coordinates": [
          -75.6797397,
          4.5391839
        ]
      },
      "properties": {
        "osm_id": 330998260,
        "osm_type": "way",
        "name": "D1",
        "brand": "D1",
        "operator": null,
        "addr_full": null,
        "addr_street": null,
        "addr_housenumber": null,
        "addr_city": null,
        "addr_state": null,
        "addr_postcode": null,
        "opening_hours": null,
        "phone": null,
        "website": null
      }
    },
    {
      "type": "Feature",
      "geometry": {
        "type": "Point",
        "coordinates": [
          -75.6758707,
          4.5482831
        ]
      },
      "properties": {
        "osm_id": 340362134,
        "osm_type": "way",
        "name": "D1",
        "brand": "D1",
        "operator": null,
        "addr_full": null,
        "addr_street": null,
        "addr_housenumber": null,
        "addr_city": null,
        "addr_state": null,
        "addr_postcode": null,
        "opening_hours": null,
        "phone": null,
        "website": null
      }
    },
    {
      "type": "Feature",
      "geometry": {
        "type": "Point",
        "coordinates": [
          -75.6085715,
          6.2487673
        ]
      },
      "properties": {
        "osm_id": 377765989,
        "osm_type": "way",
        "name": "D1",
        "brand": "D1",
        "operator": null,
        "addr_full": null,
        "addr_street": null,
        "addr_housenumber": null,
        "addr_city": null,
        "addr_state": null,
        "addr_postcode": null,
        "opening_hours": null,
        "phone": null,
        "website": null
      }
    },
    {
      "type": "Feature",
      "geometry": {
        "type": "Point",
        "coordinates": [
          -76.552769,
          3.4212209
        ]
      },
      "properties": {
        "osm_id": 387033316,
        "osm_type": "way",
        "name": "D1",
        "brand": null,
        "operator": null,
        "addr_full": null,
        "addr_street": null,
        "addr_housenumber": null,
        "addr_city": null,
        "addr_state": null,
        "addr_postcode": null,
        "opening_hours": null,
        "phone": null,
        "website": null
      }
    },
    {
      "type": "Feature",
      "geometry": {
        "type": "Point",
        "coordinates": [
          -74.1440815,
          4.6758964
        ]
      },
      "properties": {
        "osm_id": 404727647,
        "osm_type": "way",
        "name": "Tiendas D1",
        "brand": "D1",
        "operator": null,
        "addr_full": null,
        "addr_street": null,
        "addr_housenumber": null,
        "addr_city": null,
        "addr_state": null,
        "addr_postcode": null,
        "opening_hours": null,
        "phone": null,
        "website": null
      }
    },
    {
      "type": "Feature",
      "geometry": {
        "type": "Point",
        "coordinates": [
          -74.0329077,
          4.725378
        ]
      },
      "properties": {
        "osm_id": 408071335,
        "osm_type": "way",
        "name": "D1",
        "brand": "D1",
        "operator": "D1",
        "addr_full": null,
        "addr_street": null,
        "addr_housenumber": null,
        "addr_city": null,
        "addr_state": null,
        "addr_postcode": null,
        "opening_hours": "Mo-Su,PH 08:00-21:00",
        "phone": null,
        "website": null
      }
    },
    {
      "type": "Feature",
      "geometry": {
        "type": "Point",
        "coordinates": [
          -74.214945,
          4.7156626
        ]
      },
      "properties": {
        "osm_id": 410391728,
        "osm_type": "way",
        "name": "D1",
        "brand": null,
        "operator": null,
        "addr_full": null,
        "addr_street": null,
        "addr_housenumber": "12",
        "addr_city": null,
        "addr_state": null,
        "addr_postcode": null,
        "opening_hours": null,
        "phone": null,
        "website": null
      }
    },
    {
      "type": "Feature",
      "geometry": {
        "type": "Point",
        "coordinates": [
          -74.0591717,
          4.749969
        ]
      },
      "properties": {
        "osm_id": 412554484,
        "osm_type": "way",
        "name": "D1",
        "brand": "D1",
        "operator": null,
        "addr_full": null,
        "addr_street": null,
        "addr_housenumber": null,
        "addr_city": null,
        "addr_state": null,
        "addr_postcode": null,
        "opening_hours": null,
        "phone": null,
        "website": null
      }
    },
    {
      "type": "Feature",
      "geometry": {
        "type": "Point",
        "coordinates": [
          -75.5940576,
          6.2434132
        ]
      },
      "properties": {
        "osm_id": 440415319,
        "osm_type": "way",
        "name": "D1",
        "brand": "D1",
        "operator": null,
        "addr_full": null,
        "addr_street": null,
        "addr_housenumber": null,
        "addr_city": null,
        "addr_state": null,
        "addr_postcode": null,
        "opening_hours": null,
        "phone": null,
        "website": null
      }
    },
    {
      "type": "Feature",
      "geometry": {
        "type": "Point",
        "coordinates": [
          -74.1432583,
          4.6811484
        ]
      },
      "properties": {
        "osm_id": 461758390,
        "osm_type": "way",
        "name": "D1",
        "brand": "D1",
        "operator": null,
        "addr_full": null,
        "addr_street": null,
        "addr_housenumber": null,
        "addr_city": null,
        "addr_state": null,
        "addr_postcode": null,
        "opening_hours": null,
        "phone": null,
        "website": null
      }
    },
    {
      "type": "Feature",
      "geometry": {
        "type": "Point",
        "coordinates": [
          -72.4010081,
          5.3417367
        ]
      },
      "properties": {
        "osm_id": 465530599,
        "osm_type": "way",
        "name": "Tienda D1",
        "brand": null,
        "operator": null,
        "addr_full": null,
        "addr_street": null,
        "addr_housenumber": null,
        "addr_city": null,
        "addr_state": null,
        "addr_postcode": null,
        "opening_hours": null,
        "phone": null,
        "website": null
      }
    },
    {
      "type": "Feature",
      "geometry": {
        "type": "Point",
        "coordinates": [
          -75.7416398,
          4.796233
        ]
      },
      "properties": {
        "osm_id": 467674924,
        "osm_type": "way",
        "name": "D1",
        "brand": null,
        "operator": null,
        "addr_full": null,
        "addr_street": "Calle 80",
        "addr_housenumber": "29-16",
        "addr_city": "Pereira",
        "addr_state": null,
        "addr_postcode": null,
        "opening_hours": "Mo-Su 09:00-21:00",
        "phone": null,
        "website": "www.tiendasd1.com"
      }
    },
    {
      "type": "Feature",
      "geometry": {
        "type": "Point",
        "coordinates": [
          -74.072919,
          4.6450506
        ]
      },
      "properties": {
        "osm_id": 478121568,
        "osm_type": "way",
        "name": "D1",
        "brand": null,
        "operator": null,
        "addr_full": null,
        "addr_street": "Calle 57",
        "addr_housenumber": null,
        "addr_city": "Bogotá D.C.",
        "addr_state": null,
        "addr_postcode": null,
        "opening_hours": null,
        "phone": null,
        "website": null
      }
    },
    {
      "type": "Feature",
      "geometry": {
        "type": "Point",
        "coordinates": [
          -74.1395214,
          4.5915914
        ]
      },
      "properties": {
        "osm_id": 483665282,
        "osm_type": "way",
        "name": "D1 Venecia",
        "brand": null,
        "operator": "D1",
        "addr_full": null,
        "addr_street": "Diagonal 49 Sur",
        "addr_housenumber": null,
        "addr_city": null,
        "addr_state": null,
        "addr_postcode": null,
        "opening_hours": "Mo-Su 08:00-21:00",
        "phone": null,
        "website": null
      }
    },
    {
      "type": "Feature",
      "geometry": {
        "type": "Point",
        "coordinates": [
          -74.0668591,
          4.7219938
        ]
      },
      "properties": {
        "osm_id": 527383584,
        "osm_type": "way",
        "name": "D1",
        "brand": null,
        "operator": null,
        "addr_full": null,
        "addr_street": "Avenida Carrera 58",
        "addr_housenumber": null,
        "addr_city": null,
        "addr_state": null,
        "addr_postcode": null,
        "opening_hours": null,
        "phone": null,
        "website": null
      }
    },
    {
      "type": "Feature",
      "geometry": {
        "type": "Point",
        "coordinates": [
          -74.039408,
          4.6987857
        ]
      },
      "properties": {
        "osm_id": 528133787,
        "osm_type": "way",
        "name": "D1",
        "brand": null,
        "operator": null,
        "addr_full": null,
        "addr_street": "Calle 119",
        "addr_housenumber": "12-36",
        "addr_city": "Bogotá D.C.",
        "addr_state": null,
        "addr_postcode": null,
        "opening_hours": null,
        "phone": null,
        "website": null
      }
    },
    {
      "type": "Feature",
      "geometry": {
        "type": "Point",
        "coordinates": [
          -74.0623707,
          4.6886752
        ]
      },
      "properties": {
        "osm_id": 528194919,
        "osm_type": "way",
        "name": "D1",
        "brand": "D1",
        "operator": null,
        "addr_full": null,
        "addr_street": "Avenida Calle 100",
        "addr_housenumber": null,
        "addr_city": null,
        "addr_state": null,
        "addr_postcode": null,
        "opening_hours": null,
        "phone": null,
        "website": null
      }
    },
    {
      "type": "Feature",
      "geometry": {
        "type": "Point",
        "coordinates": [
          -74.0577763,
          4.6684216
        ]
      },
      "properties": {
        "osm_id": 528251634,
        "osm_type": "way",
        "name": "D1",
        "brand": "D1",
        "operator": null,
        "addr_full": null,
        "addr_street": "Calle 82",
        "addr_housenumber": null,
        "addr_city": null,
        "addr_state": null,
        "addr_postcode": null,
        "opening_hours": null,
        "phone": null,
        "website": null
      }
    },
    {
      "type": "Feature",
      "geometry": {
        "type": "Point",
        "coordinates": [
          -74.0957073,
          4.6871244
        ]
      },
      "properties": {
        "osm_id": 528463409,
        "osm_type": "way",
        "name": "D1",
        "brand": "D1",
        "operator": null,
        "addr_full": null,
        "addr_street": "Carrera 72A",
        "addr_housenumber": null,
        "addr_city": null,
        "addr_state": null,
        "addr_postcode": null,
        "opening_hours": null,
        "phone": null,
        "website": null
      }
    },
    {
      "type": "Feature",
      "geometry": {
        "type": "Point",
        "coordinates": [
          -74.0754556,
          4.6907732
        ]
      },
      "properties": {
        "osm_id": 529741093,
        "osm_type": "way",
        "name": "Tiendas D1",
        "brand": null,
        "operator": null,
        "addr_full": null,
        "addr_street": "Carrera 69",
        "addr_housenumber": null,
        "addr_city": null,
        "addr_state": null,
        "addr_postcode": null,
        "opening_hours": null,
        "phone": null,
        "website": null
      }
    },
    {
      "type": "Feature",
      "geometry": {
        "type": "Point",
        "coordinates": [
          -74.0739014,
          4.7104349
        ]
      },
      "properties": {
        "osm_id": 529801612,
        "osm_type": "way",
        "name": "Tiendas D1",
        "brand": "D1",
        "operator": null,
        "addr_full": null,
        "addr_street": null,
        "addr_housenumber": null,
        "addr_city": null,
        "addr_state": null,
        "addr_postcode": null,
        "opening_hours": null,
        "phone": null,
        "website": null
      }
    },
    {
      "type": "Feature",
      "geometry": {
        "type": "Point",
        "coordinates": [
          -74.0663137,
          4.6637032
        ]
      },
      "properties": {
        "osm_id": 530131609,
        "osm_type": "way",
        "name": "Tiendas D1",
        "brand": "D1",
        "operator": null,
        "addr_full": null,
        "addr_street": "Avenida Carrera 24",
        "addr_housenumber": null,
        "addr_city": null,
        "addr_state": null,
        "addr_postcode": null,
        "opening_hours": "Mo-Su 08:00-21:00",
        "phone": null,
        "website": "https://www.d1.com.co/"
      }
    },
    {
      "type": "Feature",
      "geometry": {
        "type": "Point",
        "coordinates": [
          -74.0432158,
          4.7219354
        ]
      },
      "properties": {
        "osm_id": 530407249,
        "osm_type": "way",
        "name": "D1",
        "brand": "D1",
        "operator": null,
        "addr_full": null,
        "addr_street": "Calle 140",
        "addr_housenumber": null,
        "addr_city": null,
        "addr_state": null,
        "addr_postcode": null,
        "opening_hours": null,
        "phone": null,
        "website": null
      }
    },
    {
      "type": "Feature",
      "geometry": {
        "type": "Point",
        "coordinates": [
          -74.1038645,
          4.6989353
        ]
      },
      "properties": {
        "osm_id": 530577666,
        "osm_type": "way",
        "name": "Tiendas D1",
        "brand": null,
        "operator": null,
        "addr_full": null,
        "addr_street": "Avenida Carrera 86",
        "addr_housenumber": null,
        "addr_city": null,
        "addr_state": null,
        "addr_postcode": null,
        "opening_hours": null,
        "phone": null,
        "website": null
      }
    },
    {
      "type": "Feature",
      "geometry": {
        "type": "Point",
        "coordinates": [
          -74.0674557,
          4.7175377
        ]
      },
      "properties": {
        "osm_id": 531305414,
        "osm_type": "way",
        "name": "Tiendas D1",
        "brand": null,
        "operator": null,
        "addr_full": null,
        "addr_street": "Calle 129A",
        "addr_housenumber": null,
        "addr_city": null,
        "addr_state": null,
        "addr_postcode": null,
        "opening_hours": null,
        "phone": null,
        "website": null
      }
    },
    {
      "type": "Feature",
      "geometry": {
        "type": "Point",
        "coordinates": [
          -74.0395304,
          4.7209172
        ]
      },
      "properties": {
        "osm_id": 531348970,
        "osm_type": "way",
        "name": "D1",
        "brand": "D1",
        "operator": null,
        "addr_full": null,
        "addr_street": "Calle 140",
        "addr_housenumber": null,
        "addr_city": null,
        "addr_state": null,
        "addr_postcode": null,
        "opening_hours": null,
        "phone": null,
        "website": null
      }
    },
    {
      "type": "Feature",
      "geometry": {
        "type": "Point",
        "coordinates": [
          -74.0672986,
          4.6819571
        ]
      },
      "properties": {
        "osm_id": 531355006,
        "osm_type": "way",
        "name": "Tiendas D1",
        "brand": null,
        "operator": null,
        "addr_full": null,
        "addr_street": "Calle 93",
        "addr_housenumber": null,
        "addr_city": null,
        "addr_state": null,
        "addr_postcode": null,
        "opening_hours": null,
        "phone": null,
        "website": null
      }
    },
    {
      "type": "Feature",
      "geometry": {
        "type": "Point",
        "coordinates": [
          -74.1006476,
          4.7022851
        ]
      },
      "properties": {
        "osm_id": 531562975,
        "osm_type": "way",
        "name": "Tiendas D1",
        "brand": null,
        "operator": null,
        "addr_full": null,
        "addr_street": "Carrera 85A",
        "addr_housenumber": null,
        "addr_city": null,
        "addr_state": null,
        "addr_postcode": null,
        "opening_hours": null,
        "phone": null,
        "website": null
      }
    },
    {
      "type": "Feature",
      "geometry": {
        "type": "Point",
        "coordinates": [
          -74.0824784,
          4.6300734
        ]
      },
      "properties": {
        "osm_id": 531825839,
        "osm_type": "way",
        "name": null,
        "brand": "D1",
        "operator": null,
        "addr_full": null,
        "addr_street": "Avenida Calle 26",
        "addr_housenumber": "32A-60",
        "addr_city": null,
        "addr_state": null,
        "addr_postcode": null,
        "opening_hours": null,
        "phone": null,
        "website": null
      }
    },
    {
      "type": "Feature",
      "geometry": {
        "type": "Point",
        "coordinates": [
          -74.0993888,
          4.731
        ]
      },
      "properties": {
        "osm_id": 532016461,
        "osm_type": "way",
        "name": "D1",
        "brand": null,
        "operator": null,
        "addr_full": null,
        "addr_street": "Carrera 102A",
        "addr_housenumber": null,
        "addr_city": null,
        "addr_state": null,
        "addr_postcode": null,
        "opening_hours": "Mo-Su,PH 08:00-22:00",
        "phone": null,
        "website": null
      }
    },
    {
      "type": "Feature",
      "geometry": {
        "type": "Point",
        "coordinates": [
          -74.1094881,
          4.703595
        ]
      },
      "properties": {
        "osm_id": 532071311,
        "osm_type": "way",
        "name": "D1",
        "brand": "D1",
        "operator": null,
        "addr_full": null,
        "addr_street": "Carrera 94",
        "addr_housenumber": null,
        "addr_city": null,
        "addr_state": null,
        "addr_postcode": null,
        "opening_hours": null,
        "phone": null,
        "website": null
      }
    },
    {
      "type": "Feature",
      "geometry": {
        "type": "Point",
        "coordinates": [
          -74.0730138,
          4.7162614
        ]
      },
      "properties": {
        "osm_id": 532977789,
        "osm_type": "way",
        "name": "D1",
        "brand": null,
        "operator": null,
        "addr_full": null,
        "addr_street": "Avenida Suba",
        "addr_housenumber": null,
        "addr_city": null,
        "addr_state": null,
        "addr_postcode": null,
        "opening_hours": null,
        "phone": null,
        "website": null
      }
    },
    {
      "type": "Feature",
      "geometry": {
        "type": "Point",
        "coordinates": [
          -74.0985274,
          4.7262232
        ]
      },
      "properties": {
        "osm_id": 533054141,
        "osm_type": "way",
        "name": "D1",
        "brand": null,
        "operator": null,
        "addr_full": null,
        "addr_street": "Calle 128",
        "addr_housenumber": null,
        "addr_city": null,
        "addr_state": null,
        "addr_postcode": null,
        "opening_hours": null,
        "phone": null,
        "website": null
      }
    },
    {
      "type": "Feature",
      "geometry": {
        "type": "Point",
        "coordinates": [
          -74.1106889,
          4.6843449
        ]
      },
      "properties": {
        "osm_id": 533185866,
        "osm_type": "way",
        "name": "Tiendas D1",
        "brand": null,
        "operator": null,
        "addr_full": null,
        "addr_street": "Transversal 85",
        "addr_housenumber": null,
        "addr_city": null,
        "addr_state": null,
        "addr_postcode": null,
        "opening_hours": null,
        "phone": null,
        "website": null
      }
    },
    {
      "type": "Feature",
      "geometry": {
        "type": "Point",
        "coordinates": [
          -74.0876517,
          4.7401001
        ]
      },
      "properties": {
        "osm_id": 533210620,
        "osm_type": "way",
        "name": "D1",
        "brand": "D1",
        "operator": null,
        "addr_full": null,
        "addr_street": "Avenida Suba",
        "addr_housenumber": null,
        "addr_city": null,
        "addr_state": null,
        "addr_postcode": null,
        "opening_hours": null,
        "phone": null,
        "website": null
      }
    },
    {
      "type": "Feature",
      "geometry": {
        "type": "Point",
        "coordinates": [
          -74.0638509,
          4.6690488
        ]
      },
      "properties": {
        "osm_id": 533254852,
        "osm_type": "way",
        "name": "Tiendas D1",
        "brand": null,
        "operator": null,
        "addr_full": null,
        "addr_street": "Avenida Calle 80",
        "addr_housenumber": "24-45",
        "addr_city": null,
        "addr_state": null,
        "addr_postcode": null,
        "opening_hours": "Mo-Su 08:00-20:00",
        "phone": null,
        "website": "https://www.d1.com.co/"
      }
    },
    {
      "type": "Feature",
      "geometry": {
        "type": "Point",
        "coordinates": [
          -74.0812053,
          4.6761307
        ]
      },
      "properties": {
        "osm_id": 533260349,
        "osm_type": "way",
        "name": "Tiendas D1",
        "brand": null,
        "operator": null,
        "addr_full": null,
        "addr_street": "Carrera 64",
        "addr_housenumber": null,
        "addr_city": null,
        "addr_state": null,
        "addr_postcode": null,
        "opening_hours": null,
        "phone": null,
        "website": null
      }
    },
    {
      "type": "Feature",
      "geometry": {
        "type": "Point",
        "coordinates": [
          -75.6066241,
          4.9854939
        ]
      },
      "properties": {
        "osm_id": 536143217,
        "osm_type": "way",
        "name": "Tiendas D1",
        "brand": null,
        "operator": null,
        "addr_full": null,
        "addr_street": null,
        "addr_housenumber": null,
        "addr_city": null,
        "addr_state": null,
        "addr_postcode": null,
        "opening_hours": null,
        "phone": null,
        "website": null
      }
    },
    {
      "type": "Feature",
      "geometry": {
        "type": "Point",
        "coordinates": [
          -74.0967146,
          4.6367677
        ]
      },
      "properties": {
        "osm_id": 540751516,
        "osm_type": "way",
        "name": "D1",
        "brand": "D1",
        "operator": null,
        "addr_full": null,
        "addr_street": "Avenida Calle 24",
        "addr_housenumber": null,
        "addr_city": null,
        "addr_state": null,
        "addr_postcode": null,
        "opening_hours": null,
        "phone": null,
        "website": null
      }
    },
    {
      "type": "Feature",
      "geometry": {
        "type": "Point",
        "coordinates": [
          -74.0787275,
          4.6399799
        ]
      },
      "properties": {
        "osm_id": 540853873,
        "osm_type": "way",
        "name": "D1",
        "brand": "D1",
        "operator": null,
        "addr_full": null,
        "addr_street": "Avenida Carrera 30",
        "addr_housenumber": null,
        "addr_city": null,
        "addr_state": null,
        "addr_postcode": null,
        "opening_hours": "Mo-Su 08:00-21:00",
        "phone": null,
        "website": "https://www.d1.com.co/"
      }
    },
    {
      "type": "Feature",
      "geometry": {
        "type": "Point",
        "coordinates": [
          -74.117917,
          4.6680773
        ]
      },
      "properties": {
        "osm_id": 541178406,
        "osm_type": "way",
        "name": "D1",
        "brand": "D1",
        "operator": null,
        "addr_full": null,
        "addr_street": "Carrera 75",
        "addr_housenumber": null,
        "addr_city": null,
        "addr_state": null,
        "addr_postcode": null,
        "opening_hours": null,
        "phone": null,
        "website": null
      }
    },
    {
      "type": "Feature",
      "geometry": {
        "type": "Point",
        "coordinates": [
          -74.1212186,
          4.6268665
        ]
      },
      "properties": {
        "osm_id": 541978210,
        "osm_type": "way",
        "name": "Tiendas D1",
        "brand": null,
        "operator": null,
        "addr_full": null,
        "addr_street": "Calle 4G",
        "addr_housenumber": null,
        "addr_city": null,
        "addr_state": null,
        "addr_postcode": null,
        "opening_hours": null,
        "phone": null,
        "website": null
      }
    },
    {
      "type": "Feature",
      "geometry": {
        "type": "Point",
        "coordinates": [
          -74.1349805,
          4.5657341
        ]
      },
      "properties": {
        "osm_id": 542296243,
        "osm_type": "way",
        "name": "D1",
        "brand": "D1",
        "operator": null,
        "addr_full": null,
        "addr_street": "Calle 57 Sur",
        "addr_housenumber": null,
        "addr_city": null,
        "addr_state": null,
        "addr_postcode": null,
        "opening_hours": null,
        "phone": null,
        "website": null
      }
    },
    {
      "type": "Feature",
      "geometry": {
        "type": "Point",
        "coordinates": [
          -74.1387776,
          4.603568
        ]
      },
      "properties": {
        "osm_id": 543144420,
        "osm_type": "way",
        "name": "D1",
        "brand": null,
        "operator": null,
        "addr_full": null,
        "addr_street": "Carrera 68G",
        "addr_housenumber": null,
        "addr_city": null,
        "addr_state": null,
        "addr_postcode": null,
        "opening_hours": null,
        "phone": null,
        "website": null
      }
    },
    {
      "type": "Feature",
      "geometry": {
        "type": "Point",
        "coordinates": [
          -74.3535788,
          4.8281667
        ]
      },
      "properties": {
        "osm_id": 543151849,
        "osm_type": "way",
        "name": "D1",
        "brand": "D1",
        "operator": "D1",
        "addr_full": null,
        "addr_street": null,
        "addr_housenumber": null,
        "addr_city": null,
        "addr_state": null,
        "addr_postcode": null,
        "opening_hours": null,
        "phone": null,
        "website": null
      }
    },
    {
      "type": "Feature",
      "geometry": {
        "type": "Point",
        "coordinates": [
          -74.1665613,
          4.6319098
        ]
      },
      "properties": {
        "osm_id": 543423981,
        "osm_type": "way",
        "name": "D1",
        "brand": null,
        "operator": null,
        "addr_full": null,
        "addr_street": "Avenida Carrera 86",
        "addr_housenumber": null,
        "addr_city": "Bogotá, D.C.",
        "addr_state": null,
        "addr_postcode": null,
        "opening_hours": null,
        "phone": null,
        "website": null
      }
    },
    {
      "type": "Feature",
      "geometry": {
        "type": "Point",
        "coordinates": [
          -75.617481,
          6.2448132
        ]
      },
      "properties": {
        "osm_id": 546263208,
        "osm_type": "way",
        "name": "D1",
        "brand": null,
        "operator": null,
        "addr_full": null,
        "addr_street": null,
        "addr_housenumber": null,
        "addr_city": null,
        "addr_state": null,
        "addr_postcode": null,
        "opening_hours": null,
        "phone": null,
        "website": null
      }
    },
    {
      "type": "Feature",
      "geometry": {
        "type": "Point",
        "coordinates": [
          -75.6821815,
          4.8210086
        ]
      },
      "properties": {
        "osm_id": 546369598,
        "osm_type": "way",
        "name": "D1",
        "brand": "D1",
        "operator": null,
        "addr_full": null,
        "addr_street": "Carrera 17",
        "addr_housenumber": "11 - 36",
        "addr_city": null,
        "addr_state": null,
        "addr_postcode": null,
        "opening_hours": "Mo-Su 08:00-21:00",
        "phone": null,
        "website": "http://tiendasd1.com"
      }
    },
    {
      "type": "Feature",
      "geometry": {
        "type": "Point",
        "coordinates": [
          -75.653324,
          6.1859346
        ]
      },
      "properties": {
        "osm_id": 548899887,
        "osm_type": "way",
        "name": "D1",
        "brand": null,
        "operator": null,
        "addr_full": null,
        "addr_street": null,
        "addr_housenumber": null,
        "addr_city": null,
        "addr_state": null,
        "addr_postcode": null,
        "opening_hours": null,
        "phone": null,
        "website": null
      }
    },
    {
      "type": "Feature",
      "geometry": {
        "type": "Point",
        "coordinates": [
          -74.1857505,
          4.6070833
        ]
      },
      "properties": {
        "osm_id": 550950589,
        "osm_type": "way",
        "name": "D1",
        "brand": null,
        "operator": null,
        "addr_full": null,
        "addr_street": null,
        "addr_housenumber": null,
        "addr_city": null,
        "addr_state": null,
        "addr_postcode": null,
        "opening_hours": null,
        "phone": null,
        "website": null
      }
    },
    {
      "type": "Feature",
      "geometry": {
        "type": "Point",
        "coordinates": [
          -74.2197482,
          4.5839657
        ]
      },
      "properties": {
        "osm_id": 551507864,
        "osm_type": "way",
        "name": "D1",
        "brand": "D1",
        "operator": "D1",
        "addr_full": null,
        "addr_street": "Avenida Calle 13",
        "addr_housenumber": null,
        "addr_city": null,
        "addr_state": null,
        "addr_postcode": null,
        "opening_hours": null,
        "phone": null,
        "website": null
      }
    },
    {
      "type": "Feature",
      "geometry": {
        "type": "Point",
        "coordinates": [
          -74.1977037,
          4.5906091
        ]
      },
      "properties": {
        "osm_id": 551515459,
        "osm_type": "way",
        "name": "D1",
        "brand": "D1",
        "operator": "D1",
        "addr_full": null,
        "addr_street": null,
        "addr_housenumber": null,
        "addr_city": null,
        "addr_state": null,
        "addr_postcode": null,
        "opening_hours": null,
        "phone": null,
        "website": null
      }
    },
    {
      "type": "Feature",
      "geometry": {
        "type": "Point",
        "coordinates": [
          -74.1487146,
          4.6813959
        ]
      },
      "properties": {
        "osm_id": 559918948,
        "osm_type": "way",
        "name": "Tiendas D1",
        "brand": "D1",
        "operator": null,
        "addr_full": null,
        "addr_street": null,
        "addr_housenumber": null,
        "addr_city": null,
        "addr_state": null,
        "addr_postcode": null,
        "opening_hours": null,
        "phone": null,
        "website": null
      }
    },
    {
      "type": "Feature",
      "geometry": {
        "type": "Point",
        "coordinates": [
          -76.4936469,
          3.489554
        ]
      },
      "properties": {
        "osm_id": 569438720,
        "osm_type": "way",
        "name": "Tiendas D1",
        "brand": null,
        "operator": null,
        "addr_full": null,
        "addr_street": "Calle 75 Norte",
        "addr_housenumber": "71267",
        "addr_city": null,
        "addr_state": null,
        "addr_postcode": null,
        "opening_hours": null,
        "phone": null,
        "website": null
      }
    },
    {
      "type": "Feature",
      "geometry": {
        "type": "Point",
        "coordinates": [
          -76.1947666,
          4.077722
        ]
      },
      "properties": {
        "osm_id": 576087138,
        "osm_type": "way",
        "name": "Tiendas D1",
        "brand": null,
        "operator": null,
        "addr_full": null,
        "addr_street": null,
        "addr_housenumber": null,
        "addr_city": null,
        "addr_state": null,
        "addr_postcode": null,
        "opening_hours": null,
        "phone": null,
        "website": null
      }
    },
    {
      "type": "Feature",
      "geometry": {
        "type": "Point",
        "coordinates": [
          -76.1940694,
          4.0847214
        ]
      },
      "properties": {
        "osm_id": 576088100,
        "osm_type": "way",
        "name": "Tiendas D1",
        "brand": null,
        "operator": null,
        "addr_full": null,
        "addr_street": null,
        "addr_housenumber": null,
        "addr_city": null,
        "addr_state": null,
        "addr_postcode": null,
        "opening_hours": null,
        "phone": null,
        "website": null
      }
    },
    {
      "type": "Feature",
      "geometry": {
        "type": "Point",
        "coordinates": [
          -76.1992896,
          4.08805
        ]
      },
      "properties": {
        "osm_id": 576090305,
        "osm_type": "way",
        "name": "Tiendas D1",
        "brand": null,
        "operator": null,
        "addr_full": null,
        "addr_street": null,
        "addr_housenumber": null,
        "addr_city": null,
        "addr_state": null,
        "addr_postcode": null,
        "opening_hours": null,
        "phone": null,
        "website": null
      }
    },
    {
      "type": "Feature",
      "geometry": {
        "type": "Point",
        "coordinates": [
          -76.2044254,
          4.0897131
        ]
      },
      "properties": {
        "osm_id": 576092841,
        "osm_type": "way",
        "name": "Tiendas D1",
        "brand": null,
        "operator": null,
        "addr_full": null,
        "addr_street": null,
        "addr_housenumber": null,
        "addr_city": null,
        "addr_state": null,
        "addr_postcode": null,
        "opening_hours": null,
        "phone": null,
        "website": null
      }
    },
    {
      "type": "Feature",
      "geometry": {
        "type": "Point",
        "coordinates": [
          -76.199122,
          4.0740147
        ]
      },
      "properties": {
        "osm_id": 576094193,
        "osm_type": "way",
        "name": "Tiendas D1",
        "brand": null,
        "operator": null,
        "addr_full": null,
        "addr_street": null,
        "addr_housenumber": null,
        "addr_city": null,
        "addr_state": null,
        "addr_postcode": null,
        "opening_hours": null,
        "phone": null,
        "website": null
      }
    },
    {
      "type": "Feature",
      "geometry": {
        "type": "Point",
        "coordinates": [
          -76.166964,
          4.1684859
        ]
      },
      "properties": {
        "osm_id": 577320635,
        "osm_type": "way",
        "name": "Tiendas D1",
        "brand": null,
        "operator": null,
        "addr_full": null,
        "addr_street": null,
        "addr_housenumber": null,
        "addr_city": null,
        "addr_state": null,
        "addr_postcode": null,
        "opening_hours": null,
        "phone": null,
        "website": null
      }
    },
    {
      "type": "Feature",
      "geometry": {
        "type": "Point",
        "coordinates": [
          -75.2456779,
          4.4466982
        ]
      },
      "properties": {
        "osm_id": 583379141,
        "osm_type": "way",
        "name": "D1",
        "brand": "D1",
        "operator": null,
        "addr_full": null,
        "addr_street": null,
        "addr_housenumber": null,
        "addr_city": null,
        "addr_state": null,
        "addr_postcode": null,
        "opening_hours": null,
        "phone": null,
        "website": null
      }
    },
    {
      "type": "Feature",
      "geometry": {
        "type": "Point",
        "coordinates": [
          -75.5011702,
          5.0653312
        ]
      },
      "properties": {
        "osm_id": 589269709,
        "osm_type": "way",
        "name": "Tienda D1",
        "brand": null,
        "operator": null,
        "addr_full": null,
        "addr_street": null,
        "addr_housenumber": null,
        "addr_city": null,
        "addr_state": null,
        "addr_postcode": null,
        "opening_hours": null,
        "phone": null,
        "website": null
      }
    },
    {
      "type": "Feature",
      "geometry": {
        "type": "Point",
        "coordinates": [
          -74.0069022,
          4.6606859
        ]
      },
      "properties": {
        "osm_id": 597104231,
        "osm_type": "way",
        "name": "D1",
        "brand": null,
        "operator": null,
        "addr_full": null,
        "addr_street": "Vía La Calera",
        "addr_housenumber": null,
        "addr_city": null,
        "addr_state": null,
        "addr_postcode": null,
        "opening_hours": null,
        "phone": null,
        "website": null
      }
    },
    {
      "type": "Feature",
      "geometry": {
        "type": "Point",
        "coordinates": [
          -73.1043556,
          7.0710055
        ]
      },
      "properties": {
        "osm_id": 630014090,
        "osm_type": "way",
        "name": "D1",
        "brand": "D1",
        "operator": null,
        "addr_full": null,
        "addr_street": null,
        "addr_housenumber": null,
        "addr_city": null,
        "addr_state": null,
        "addr_postcode": null,
        "opening_hours": null,
        "phone": null,
        "website": null
      }
    },
    {
      "type": "Feature",
      "geometry": {
        "type": "Point",
        "coordinates": [
          -76.5487761,
          3.4088499
        ]
      },
      "properties": {
        "osm_id": 631925431,
        "osm_type": "way",
        "name": "Tiendas D1",
        "brand": null,
        "operator": null,
        "addr_full": null,
        "addr_street": null,
        "addr_housenumber": null,
        "addr_city": null,
        "addr_state": null,
        "addr_postcode": null,
        "opening_hours": "Mo-Su 09:00-21:00",
        "phone": null,
        "website": null
      }
    },
    {
      "type": "Feature",
      "geometry": {
        "type": "Point",
        "coordinates": [
          -75.6722525,
          5.0721907
        ]
      },
      "properties": {
        "osm_id": 648316857,
        "osm_type": "way",
        "name": "D1",
        "brand": null,
        "operator": null,
        "addr_full": null,
        "addr_street": null,
        "addr_housenumber": null,
        "addr_city": null,
        "addr_state": null,
        "addr_postcode": null,
        "opening_hours": null,
        "phone": null,
        "website": null
      }
    },
    {
      "type": "Feature",
      "geometry": {
        "type": "Point",
        "coordinates": [
          -74.0796629,
          4.755732
        ]
      },
      "properties": {
        "osm_id": 660757712,
        "osm_type": "way",
        "name": "D1",
        "brand": null,
        "operator": null,
        "addr_full": null,
        "addr_street": null,
        "addr_housenumber": null,
        "addr_city": null,
        "addr_state": null,
        "addr_postcode": null,
        "opening_hours": null,
        "phone": null,
        "website": null
      }
    },
    {
      "type": "Feature",
      "geometry": {
        "type": "Point",
        "coordinates": [
          -74.0829174,
          4.6705191
        ]
      },
      "properties": {
        "osm_id": 668980519,
        "osm_type": "way",
        "name": "Tiendas D1",
        "brand": null,
        "operator": null,
        "addr_full": null,
        "addr_street": "Avenida Carrera 60",
        "addr_housenumber": null,
        "addr_city": null,
        "addr_state": null,
        "addr_postcode": null,
        "opening_hours": null,
        "phone": null,
        "website": null
      }
    },
    {
      "type": "Feature",
      "geometry": {
        "type": "Point",
        "coordinates": [
          -74.8094975,
          10.9635133
        ]
      },
      "properties": {
        "osm_id": 674635262,
        "osm_type": "way",
        "name": "D1",
        "brand": "D1",
        "operator": null,
        "addr_full": null,
        "addr_street": null,
        "addr_housenumber": null,
        "addr_city": null,
        "addr_state": null,
        "addr_postcode": null,
        "opening_hours": null,
        "phone": null,
        "website": null
      }
    },
    {
      "type": "Feature",
      "geometry": {
        "type": "Point",
        "coordinates": [
          -74.2581562,
          4.4951382
        ]
      },
      "properties": {
        "osm_id": 675058439,
        "osm_type": "way",
        "name": "D1",
        "brand": "D1",
        "operator": "D1",
        "addr_full": null,
        "addr_street": null,
        "addr_housenumber": null,
        "addr_city": null,
        "addr_state": null,
        "addr_postcode": null,
        "opening_hours": null,
        "phone": null,
        "website": null
      }
    },
    {
      "type": "Feature",
      "geometry": {
        "type": "Point",
        "coordinates": [
          -74.1724071,
          4.9291013
        ]
      },
      "properties": {
        "osm_id": 681731562,
        "osm_type": "way",
        "name": "Tiendas D1",
        "brand": null,
        "operator": null,
        "addr_full": null,
        "addr_street": null,
        "addr_housenumber": null,
        "addr_city": null,
        "addr_state": null,
        "addr_postcode": null,
        "opening_hours": null,
        "phone": null,
        "website": null
      }
    },
    {
      "type": "Feature",
      "geometry": {
        "type": "Point",
        "coordinates": [
          -74.1172324,
          4.5881658
        ]
      },
      "properties": {
        "osm_id": 683611576,
        "osm_type": "way",
        "name": "D1",
        "brand": null,
        "operator": null,
        "addr_full": null,
        "addr_street": null,
        "addr_housenumber": null,
        "addr_city": null,
        "addr_state": null,
        "addr_postcode": null,
        "opening_hours": null,
        "phone": null,
        "website": null
      }
    },
    {
      "type": "Feature",
      "geometry": {
        "type": "Point",
        "coordinates": [
          -73.3340776,
          5.4020824
        ]
      },
      "properties": {
        "osm_id": 686230609,
        "osm_type": "way",
        "name": "D1",
        "brand": null,
        "operator": null,
        "addr_full": null,
        "addr_street": null,
        "addr_housenumber": null,
        "addr_city": null,
        "addr_state": null,
        "addr_postcode": null,
        "opening_hours": null,
        "phone": null,
        "website": null
      }
    },
    {
      "type": "Feature",
      "geometry": {
        "type": "Point",
        "coordinates": [
          -74.0527744,
          4.7221505
        ]
      },
      "properties": {
        "osm_id": 693756664,
        "osm_type": "way",
        "name": "Tiendas D1",
        "brand": null,
        "operator": null,
        "addr_full": null,
        "addr_street": "Calle 136",
        "addr_housenumber": null,
        "addr_city": "Bogotá D.C.",
        "addr_state": null,
        "addr_postcode": "111111",
        "opening_hours": null,
        "phone": null,
        "website": null
      }
    },
    {
      "type": "Feature",
      "geometry": {
        "type": "Point",
        "coordinates": [
          -74.8186446,
          11.0020822
        ]
      },
      "properties": {
        "osm_id": 698372405,
        "osm_type": "way",
        "name": "D1",
        "brand": "D1",
        "operator": null,
        "addr_full": null,
        "addr_street": "Calle 84",
        "addr_housenumber": "47",
        "addr_city": "Barranquilla",
        "addr_state": null,
        "addr_postcode": null,
        "opening_hours": null,
        "phone": null,
        "website": null
      }
    },
    {
      "type": "Feature",
      "geometry": {
        "type": "Point",
        "coordinates": [
          -74.1127975,
          4.5940232
        ]
      },
      "properties": {
        "osm_id": 704386872,
        "osm_type": "way",
        "name": "D1",
        "brand": "D1",
        "operator": null,
        "addr_full": null,
        "addr_street": null,
        "addr_housenumber": null,
        "addr_city": null,
        "addr_state": null,
        "addr_postcode": null,
        "opening_hours": null,
        "phone": null,
        "website": null
      }
    },
    {
      "type": "Feature",
      "geometry": {
        "type": "Point",
        "coordinates": [
          -75.9051417,
          4.7355052
        ]
      },
      "properties": {
        "osm_id": 712299731,
        "osm_type": "way",
        "name": "D1",
        "brand": null,
        "operator": null,
        "addr_full": null,
        "addr_street": null,
        "addr_housenumber": null,
        "addr_city": null,
        "addr_state": null,
        "addr_postcode": null,
        "opening_hours": null,
        "phone": null,
        "website": null
      }
    },
    {
      "type": "Feature",
      "geometry": {
        "type": "Point",
        "coordinates": [
          -75.7540616,
          4.4699316
        ]
      },
      "properties": {
        "osm_id": 733457972,
        "osm_type": "way",
        "name": "Senior's Mall",
        "brand": null,
        "operator": "Tiendas D1",
        "addr_full": null,
        "addr_street": null,
        "addr_housenumber": null,
        "addr_city": null,
        "addr_state": null,
        "addr_postcode": null,
        "opening_hours": null,
        "phone": null,
        "website": null
      }
    },
    {
      "type": "Feature",
      "geometry": {
        "type": "Point",
        "coordinates": [
          -75.6038981,
          6.1577885
        ]
      },
      "properties": {
        "osm_id": 775431573,
        "osm_type": "way",
        "name": null,
        "brand": null,
        "operator": "Tienda D1",
        "addr_full": null,
        "addr_street": null,
        "addr_housenumber": null,
        "addr_city": null,
        "addr_state": null,
        "addr_postcode": null,
        "opening_hours": null,
        "phone": null,
        "website": null
      }
    },
    {
      "type": "Feature",
      "geometry": {
        "type": "Point",
        "coordinates": [
          -74.032769,
          4.6988823
        ]
      },
      "properties": {
        "osm_id": 777870964,
        "osm_type": "way",
        "name": "Tiendas D1",
        "brand": "D1",
        "operator": "D1",
        "addr_full": null,
        "addr_street": "Avenida Carrera 9",
        "addr_housenumber": "121-50",
        "addr_city": "Bogotá D.C.",
        "addr_state": null,
        "addr_postcode": null,
        "opening_hours": null,
        "phone": null,
        "website": null
      }
    },
    {
      "type": "Feature",
      "geometry": {
        "type": "Point",
        "coordinates": [
          -74.8261047,
          11.0011588
        ]
      },
      "properties": {
        "osm_id": 780297985,
        "osm_type": "way",
        "name": "D1",
        "brand": "D1",
        "operator": null,
        "addr_full": null,
        "addr_street": "Carrera 43",
        "addr_housenumber": "90",
        "addr_city": "Barranquilla",
        "addr_state": null,
        "addr_postcode": null,
        "opening_hours": null,
        "phone": null,
        "website": null
      }
    },
    {
      "type": "Feature",
      "geometry": {
        "type": "Point",
        "coordinates": [
          -75.6512835,
          4.5553711
        ]
      },
      "properties": {
        "osm_id": 781421104,
        "osm_type": "way",
        "name": "D1",
        "brand": "D1",
        "operator": null,
        "addr_full": null,
        "addr_street": null,
        "addr_housenumber": null,
        "addr_city": null,
        "addr_state": null,
        "addr_postcode": null,
        "opening_hours": null,
        "phone": null,
        "website": null
      }
    },
    {
      "type": "Feature",
      "geometry": {
        "type": "Point",
        "coordinates": [
          -74.1499679,
          4.6303431
        ]
      },
      "properties": {
        "osm_id": 782273838,
        "osm_type": "way",
        "name": "D1",
        "brand": null,
        "operator": null,
        "addr_full": null,
        "addr_street": null,
        "addr_housenumber": null,
        "addr_city": null,
        "addr_state": null,
        "addr_postcode": null,
        "opening_hours": null,
        "phone": null,
        "website": null
      }
    },
    {
      "type": "Feature",
      "geometry": {
        "type": "Point",
        "coordinates": [
          -76.1353904,
          6.316254
        ]
      },
      "properties": {
        "osm_id": 784634064,
        "osm_type": "way",
        "name": "D1",
        "brand": null,
        "operator": null,
        "addr_full": null,
        "addr_street": null,
        "addr_housenumber": null,
        "addr_city": "Urrao",
        "addr_state": null,
        "addr_postcode": null,
        "opening_hours": null,
        "phone": null,
        "website": null
      }
    },
    {
      "type": "Feature",
      "geometry": {
        "type": "Point",
        "coordinates": [
          -75.5970517,
          6.2330271
        ]
      },
      "properties": {
        "osm_id": 784946245,
        "osm_type": "way",
        "name": "D1",
        "brand": "D1",
        "operator": null,
        "addr_full": null,
        "addr_street": null,
        "addr_housenumber": null,
        "addr_city": null,
        "addr_state": null,
        "addr_postcode": null,
        "opening_hours": null,
        "phone": null,
        "website": null
      }
    },
    {
      "type": "Feature",
      "geometry": {
        "type": "Point",
        "coordinates": [
          -75.6028702,
          6.2196539
        ]
      },
      "properties": {
        "osm_id": 784950560,
        "osm_type": "way",
        "name": "D1",
        "brand": "D1",
        "operator": null,
        "addr_full": null,
        "addr_street": null,
        "addr_housenumber": null,
        "addr_city": null,
        "addr_state": null,
        "addr_postcode": null,
        "opening_hours": null,
        "phone": null,
        "website": null
      }
    },
    {
      "type": "Feature",
      "geometry": {
        "type": "Point",
        "coordinates": [
          -74.7451023,
          9.2368665
        ]
      },
      "properties": {
        "osm_id": 785389131,
        "osm_type": "way",
        "name": "D1",
        "brand": null,
        "operator": null,
        "addr_full": null,
        "addr_street": null,
        "addr_housenumber": null,
        "addr_city": null,
        "addr_state": null,
        "addr_postcode": null,
        "opening_hours": null,
        "phone": null,
        "website": null
      }
    },
    {
      "type": "Feature",
      "geometry": {
        "type": "Point",
        "coordinates": [
          -75.6017681,
          6.2132222
        ]
      },
      "properties": {
        "osm_id": 785960593,
        "osm_type": "way",
        "name": "D1",
        "brand": "D1",
        "operator": null,
        "addr_full": null,
        "addr_street": null,
        "addr_housenumber": null,
        "addr_city": null,
        "addr_state": null,
        "addr_postcode": null,
        "opening_hours": null,
        "phone": null,
        "website": null
      }
    },
    {
      "type": "Feature",
      "geometry": {
        "type": "Point",
        "coordinates": [
          -74.814499,
          10.9942506
        ]
      },
      "properties": {
        "osm_id": 788122258,
        "osm_type": "way",
        "name": "D1",
        "brand": "D1",
        "operator": "D1",
        "addr_full": null,
        "addr_street": "Centro Historico Norte",
        "addr_housenumber": "Cra. 42F #79-38",
        "addr_city": "Barranquilla",
        "addr_state": null,
        "addr_postcode": null,
        "opening_hours": null,
        "phone": null,
        "website": null
      }
    },
    {
      "type": "Feature",
      "geometry": {
        "type": "Point",
        "coordinates": [
          -74.8290569,
          10.9771734
        ]
      },
      "properties": {
        "osm_id": 791048608,
        "osm_type": "way",
        "name": "D1",
        "brand": "D1",
        "operator": null,
        "addr_full": null,
        "addr_street": "Carrera 27",
        "addr_housenumber": "87",
        "addr_city": "Barranquilla",
        "addr_state": null,
        "addr_postcode": null,
        "opening_hours": null,
        "phone": null,
        "website": null
      }
    },
    {
      "type": "Feature",
      "geometry": {
        "type": "Point",
        "coordinates": [
          -76.6397563,
          2.4555227
        ]
      },
      "properties": {
        "osm_id": 802734307,
        "osm_type": "way",
        "name": "D1",
        "brand": "D1",
        "operator": "KOBA COLOMBIA SAS",
        "addr_full": null,
        "addr_street": null,
        "addr_housenumber": null,
        "addr_city": null,
        "addr_state": null,
        "addr_postcode": null,
        "opening_hours": null,
        "phone": null,
        "website": null
      }
    },
    {
      "type": "Feature",
      "geometry": {
        "type": "Point",
        "coordinates": [
          -76.6206306,
          2.433912
        ]
      },
      "properties": {
        "osm_id": 802734308,
        "osm_type": "way",
        "name": "D1",
        "brand": "D1",
        "operator": null,
        "addr_full": null,
        "addr_street": null,
        "addr_housenumber": null,
        "addr_city": null,
        "addr_state": null,
        "addr_postcode": null,
        "opening_hours": null,
        "phone": null,
        "website": null
      }
    },
    {
      "type": "Feature",
      "geometry": {
        "type": "Point",
        "coordinates": [
          -76.560938,
          2.4857965
        ]
      },
      "properties": {
        "osm_id": 802734309,
        "osm_type": "way",
        "name": "D1",
        "brand": "D1",
        "operator": null,
        "addr_full": null,
        "addr_street": null,
        "addr_housenumber": null,
        "addr_city": null,
        "addr_state": null,
        "addr_postcode": null,
        "opening_hours": null,
        "phone": null,
        "website": null
      }
    },
    {
      "type": "Feature",
      "geometry": {
        "type": "Point",
        "coordinates": [
          -76.5838983,
          2.4614246
        ]
      },
      "properties": {
        "osm_id": 802734314,
        "osm_type": "way",
        "name": "D1",
        "brand": "D1",
        "operator": null,
        "addr_full": null,
        "addr_street": null,
        "addr_housenumber": null,
        "addr_city": null,
        "addr_state": null,
        "addr_postcode": null,
        "opening_hours": null,
        "phone": null,
        "website": null
      }
    },
    {
      "type": "Feature",
      "geometry": {
        "type": "Point",
        "coordinates": [
          -74.3501591,
          4.8119878
        ]
      },
      "properties": {
        "osm_id": 813263832,
        "osm_type": "way",
        "name": "D1",
        "brand": "D1",
        "operator": "D1",
        "addr_full": null,
        "addr_street": null,
        "addr_housenumber": null,
        "addr_city": null,
        "addr_state": null,
        "addr_postcode": null,
        "opening_hours": null,
        "phone": null,
        "website": null
      }
    },
    {
      "type": "Feature",
      "geometry": {
        "type": "Point",
        "coordinates": [
          -74.3634215,
          4.8174915
        ]
      },
      "properties": {
        "osm_id": 813264366,
        "osm_type": "way",
        "name": "D1",
        "brand": "D1",
        "operator": null,
        "addr_full": null,
        "addr_street": null,
        "addr_housenumber": null,
        "addr_city": null,
        "addr_state": null,
        "addr_postcode": null,
        "opening_hours": null,
        "phone": null,
        "website": null
      }
    },
    {
      "type": "Feature",
      "geometry": {
        "type": "Point",
        "coordinates": [
          -74.0846063,
          4.5535028
        ]
      },
      "properties": {
        "osm_id": 813526849,
        "osm_type": "way",
        "name": "D1",
        "brand": null,
        "operator": null,
        "addr_full": null,
        "addr_street": null,
        "addr_housenumber": null,
        "addr_city": null,
        "addr_state": null,
        "addr_postcode": null,
        "opening_hours": null,
        "phone": null,
        "website": null
      }
    },
    {
      "type": "Feature",
      "geometry": {
        "type": "Point",
        "coordinates": [
          -76.3145884,
          3.5391599
        ]
      },
      "properties": {
        "osm_id": 842933290,
        "osm_type": "way",
        "name": "D1",
        "brand": "D1",
        "operator": null,
        "addr_full": null,
        "addr_street": null,
        "addr_housenumber": null,
        "addr_city": null,
        "addr_state": null,
        "addr_postcode": null,
        "opening_hours": null,
        "phone": null,
        "website": null
      }
    },
    {
      "type": "Feature",
      "geometry": {
        "type": "Point",
        "coordinates": [
          -76.0475855,
          1.8509041
        ]
      },
      "properties": {
        "osm_id": 852202396,
        "osm_type": "way",
        "name": "D1",
        "brand": "D1",
        "operator": null,
        "addr_full": null,
        "addr_street": null,
        "addr_housenumber": null,
        "addr_city": null,
        "addr_state": null,
        "addr_postcode": null,
        "opening_hours": null,
        "phone": null,
        "website": null
      }
    },
    {
      "type": "Feature",
      "geometry": {
        "type": "Point",
        "coordinates": [
          -75.5536272,
          6.2384139
        ]
      },
      "properties": {
        "osm_id": 879480817,
        "osm_type": "way",
        "name": "D1",
        "brand": null,
        "operator": null,
        "addr_full": null,
        "addr_street": null,
        "addr_housenumber": null,
        "addr_city": null,
        "addr_state": null,
        "addr_postcode": null,
        "opening_hours": null,
        "phone": null,
        "website": null
      }
    },
    {
      "type": "Feature",
      "geometry": {
        "type": "Point",
        "coordinates": [
          -74.8105406,
          10.9106425
        ]
      },
      "properties": {
        "osm_id": 898016995,
        "osm_type": "way",
        "name": "Tienda D1 - Portal de Los Nogales",
        "brand": "D1",
        "operator": null,
        "addr_full": null,
        "addr_street": "Carrera 12A",
        "addr_housenumber": null,
        "addr_city": "Soledad",
        "addr_state": null,
        "addr_postcode": null,
        "opening_hours": "24/7",
        "phone": null,
        "website": null
      }
    },
    {
      "type": "Feature",
      "geometry": {
        "type": "Point",
        "coordinates": [
          -76.4273163,
          8.85372
        ]
      },
      "properties": {
        "osm_id": 906927107,
        "osm_type": "way",
        "name": "Tienda D1",
        "brand": null,
        "operator": null,
        "addr_full": null,
        "addr_street": "Carrera 30",
        "addr_housenumber": null,
        "addr_city": "Arboletes",
        "addr_state": "ANT",
        "addr_postcode": null,
        "opening_hours": "Mo-Su 07:00-21:00",
        "phone": null,
        "website": null
      }
    },
    {
      "type": "Feature",
      "geometry": {
        "type": "Point",
        "coordinates": [
          -75.8701279,
          8.7588038
        ]
      },
      "properties": {
        "osm_id": 910120055,
        "osm_type": "way",
        "name": "D1",
        "brand": "D1",
        "operator": null,
        "addr_full": null,
        "addr_street": null,
        "addr_housenumber": null,
        "addr_city": null,
        "addr_state": null,
        "addr_postcode": null,
        "opening_hours": null,
        "phone": null,
        "website": null
      }
    },
    {
      "type": "Feature",
      "geometry": {
        "type": "Point",
        "coordinates": [
          -74.1270358,
          4.7119577
        ]
      },
      "properties": {
        "osm_id": 910533145,
        "osm_type": "way",
        "name": "D1",
        "brand": "D1",
        "operator": null,
        "addr_full": null,
        "addr_street": null,
        "addr_housenumber": null,
        "addr_city": null,
        "addr_state": null,
        "addr_postcode": null,
        "opening_hours": null,
        "phone": null,
        "website": null
      }
    },
    {
      "type": "Feature",
      "geometry": {
        "type": "Point",
        "coordinates": [
          -76.5263274,
          3.4402389
        ]
      },
      "properties": {
        "osm_id": 923259429,
        "osm_type": "way",
        "name": "Tiendas D1",
        "brand": null,
        "operator": null,
        "addr_full": null,
        "addr_street": null,
        "addr_housenumber": null,
        "addr_city": null,
        "addr_state": null,
        "addr_postcode": null,
        "opening_hours": null,
        "phone": null,
        "website": null
      }
    },
    {
      "type": "Feature",
      "geometry": {
        "type": "Point",
        "coordinates": [
          -74.5344034,
          4.5531566
        ]
      },
      "properties": {
        "osm_id": 935906282,
        "osm_type": "way",
        "name": "D1",
        "brand": "D1",
        "operator": null,
        "addr_full": null,
        "addr_street": null,
        "addr_housenumber": null,
        "addr_city": null,
        "addr_state": null,
        "addr_postcode": null,
        "opening_hours": null,
        "phone": null,
        "website": null
      }
    },
    {
      "type": "Feature",
      "geometry": {
        "type": "Point",
        "coordinates": [
          -74.8060679,
          10.9033689
        ]
      },
      "properties": {
        "osm_id": 940623636,
        "osm_type": "way",
        "name": "D1",
        "brand": "D1",
        "operator": null,
        "addr_full": null,
        "addr_street": "Carrera 12",
        "addr_housenumber": null,
        "addr_city": "Soledad",
        "addr_state": null,
        "addr_postcode": null,
        "opening_hours": null,
        "phone": null,
        "website": null
      }
    },
    {
      "type": "Feature",
      "geometry": {
        "type": "Point",
        "coordinates": [
          -77.0333914,
          3.8808627
        ]
      },
      "properties": {
        "osm_id": 950207958,
        "osm_type": "way",
        "name": "D1",
        "brand": "D1",
        "operator": null,
        "addr_full": null,
        "addr_street": null,
        "addr_housenumber": null,
        "addr_city": "Buenaventura",
        "addr_state": null,
        "addr_postcode": "764504",
        "opening_hours": null,
        "phone": null,
        "website": null
      }
    },
    {
      "type": "Feature",
      "geometry": {
        "type": "Point",
        "coordinates": [
          -73.0359845,
          5.8362928
        ]
      },
      "properties": {
        "osm_id": 962121868,
        "osm_type": "way",
        "name": "Tienda D1",
        "brand": null,
        "operator": null,
        "addr_full": null,
        "addr_street": null,
        "addr_housenumber": null,
        "addr_city": null,
        "addr_state": null,
        "addr_postcode": null,
        "opening_hours": null,
        "phone": null,
        "website": null
      }
    },
    {
      "type": "Feature",
      "geometry": {
        "type": "Point",
        "coordinates": [
          -74.02598,
          4.9163265
        ]
      },
      "properties": {
        "osm_id": 971464879,
        "osm_type": "way",
        "name": "D1 Cajicá centro",
        "brand": "D1",
        "operator": null,
        "addr_full": null,
        "addr_street": "Calle 1",
        "addr_housenumber": "4 - 48",
        "addr_city": null,
        "addr_state": null,
        "addr_postcode": null,
        "opening_hours": "08:00-21:00",
        "phone": null,
        "website": null
      }
    },
    {
      "type": "Feature",
      "geometry": {
        "type": "Point",
        "coordinates": [
          -75.5512136,
          6.2475938
        ]
      },
      "properties": {
        "osm_id": 986692976,
        "osm_type": "way",
        "name": "D1",
        "brand": null,
        "operator": null,
        "addr_full": null,
        "addr_street": null,
        "addr_housenumber": null,
        "addr_city": null,
        "addr_state": null,
        "addr_postcode": null,
        "opening_hours": null,
        "phone": null,
        "website": null
      }
    },
    {
      "type": "Feature",
      "geometry": {
        "type": "Point",
        "coordinates": [
          -75.1217441,
          9.716978
        ]
      },
      "properties": {
        "osm_id": 1018857017,
        "osm_type": "way",
        "name": "Tiendas D1",
        "brand": null,
        "operator": null,
        "addr_full": null,
        "addr_street": null,
        "addr_housenumber": null,
        "addr_city": null,
        "addr_state": null,
        "addr_postcode": null,
        "opening_hours": null,
        "phone": null,
        "website": null
      }
    },
    {
      "type": "Feature",
      "geometry": {
        "type": "Point",
        "coordinates": [
          -73.1464706,
          6.2877842
        ]
      },
      "properties": {
        "osm_id": 1029123948,
        "osm_type": "way",
        "name": "D1",
        "brand": "D1",
        "operator": null,
        "addr_full": null,
        "addr_street": null,
        "addr_housenumber": null,
        "addr_city": null,
        "addr_state": null,
        "addr_postcode": null,
        "opening_hours": null,
        "phone": null,
        "website": null
      }
    },
    {
      "type": "Feature",
      "geometry": {
        "type": "Point",
        "coordinates": [
          -73.7666848,
          3.9856535
        ]
      },
      "properties": {
        "osm_id": 1036162441,
        "osm_type": "way",
        "name": "D1",
        "brand": null,
        "operator": null,
        "addr_full": null,
        "addr_street": null,
        "addr_housenumber": null,
        "addr_city": null,
        "addr_state": null,
        "addr_postcode": null,
        "opening_hours": null,
        "phone": null,
        "website": null
      }
    },
    {
      "type": "Feature",
      "geometry": {
        "type": "Point",
        "coordinates": [
          -72.4727181,
          7.8244437
        ]
      },
      "properties": {
        "osm_id": 1041672683,
        "osm_type": "way",
        "name": "D1",
        "brand": null,
        "operator": null,
        "addr_full": null,
        "addr_street": null,
        "addr_housenumber": null,
        "addr_city": null,
        "addr_state": null,
        "addr_postcode": null,
        "opening_hours": null,
        "phone": null,
        "website": null
      }
    },
    {
      "type": "Feature",
      "geometry": {
        "type": "Point",
        "coordinates": [
          -75.4982879,
          6.3593769
        ]
      },
      "properties": {
        "osm_id": 1042480483,
        "osm_type": "way",
        "name": "D1",
        "brand": "D1",
        "operator": null,
        "addr_full": null,
        "addr_street": "Autopista Norte",
        "addr_housenumber": null,
        "addr_city": "Copacabana",
        "addr_state": null,
        "addr_postcode": null,
        "opening_hours": null,
        "phone": null,
        "website": null
      }
    },
    {
      "type": "Feature",
      "geometry": {
        "type": "Point",
        "coordinates": [
          -75.3953345,
          6.4863036
        ]
      },
      "properties": {
        "osm_id": 1043622613,
        "osm_type": "way",
        "name": "D1",
        "brand": "D1",
        "operator": null,
        "addr_full": null,
        "addr_street": "Calle 30",
        "addr_housenumber": null,
        "addr_city": "Don Matías",
        "addr_state": null,
        "addr_postcode": null,
        "opening_hours": null,
        "phone": null,
        "website": null
      }
    },
    {
      "type": "Feature",
      "geometry": {
        "type": "Point",
        "coordinates": [
          -76.3056766,
          3.5301489
        ]
      },
      "properties": {
        "osm_id": 1069381404,
        "osm_type": "way",
        "name": "D1",
        "brand": "D1",
        "operator": "D1",
        "addr_full": null,
        "addr_street": null,
        "addr_housenumber": null,
        "addr_city": null,
        "addr_state": null,
        "addr_postcode": null,
        "opening_hours": null,
        "phone": null,
        "website": null
      }
    },
    {
      "type": "Feature",
      "geometry": {
        "type": "Point",
        "coordinates": [
          -73.1459268,
          5.1958635
        ]
      },
      "properties": {
        "osm_id": 1092737562,
        "osm_type": "way",
        "name": "D1",
        "brand": "D1",
        "operator": null,
        "addr_full": null,
        "addr_street": null,
        "addr_housenumber": null,
        "addr_city": null,
        "addr_state": null,
        "addr_postcode": null,
        "opening_hours": null,
        "phone": null,
        "website": null
      }
    },
    {
      "type": "Feature",
      "geometry": {
        "type": "Point",
        "coordinates": [
          -74.2704967,
          4.7354015
        ]
      },
      "properties": {
        "osm_id": 1097043901,
        "osm_type": "way",
        "name": "D1",
        "brand": null,
        "operator": null,
        "addr_full": null,
        "addr_street": null,
        "addr_housenumber": null,
        "addr_city": null,
        "addr_state": null,
        "addr_postcode": null,
        "opening_hours": null,
        "phone": null,
        "website": null
      }
    },
    {
      "type": "Feature",
      "geometry": {
        "type": "Point",
        "coordinates": [
          -74.0865954,
          4.5795431
        ]
      },
      "properties": {
        "osm_id": 1098827491,
        "osm_type": "way",
        "name": "D1",
        "brand": null,
        "operator": null,
        "addr_full": null,
        "addr_street": null,
        "addr_housenumber": null,
        "addr_city": null,
        "addr_state": null,
        "addr_postcode": null,
        "opening_hours": null,
        "phone": null,
        "website": null
      }
    },
    {
      "type": "Feature",
      "geometry": {
        "type": "Point",
        "coordinates": [
          -74.0334131,
          4.7607468
        ]
      },
      "properties": {
        "osm_id": 1101845970,
        "osm_type": "way",
        "name": "D1",
        "brand": "D1",
        "operator": null,
        "addr_full": null,
        "addr_street": null,
        "addr_housenumber": null,
        "addr_city": null,
        "addr_state": null,
        "addr_postcode": null,
        "opening_hours": null,
        "phone": null,
        "website": null
      }
    },
    {
      "type": "Feature",
      "geometry": {
        "type": "Point",
        "coordinates": [
          -74.7922502,
          10.8954723
        ]
      },
      "properties": {
        "osm_id": 1103636599,
        "osm_type": "way",
        "name": "D1",
        "brand": "D1",
        "operator": null,
        "addr_full": null,
        "addr_street": "Calle 56",
        "addr_housenumber": "4F-06",
        "addr_city": "Soledad",
        "addr_state": null,
        "addr_postcode": null,
        "opening_hours": null,
        "phone": null,
        "website": null
      }
    },
    {
      "type": "Feature",
      "geometry": {
        "type": "Point",
        "coordinates": [
          -74.7945008,
          10.9085428
        ]
      },
      "properties": {
        "osm_id": 1103700656,
        "osm_type": "way",
        "name": "D1",
        "brand": "D1",
        "operator": "Tienda D1",
        "addr_full": null,
        "addr_street": null,
        "addr_housenumber": null,
        "addr_city": null,
        "addr_state": null,
        "addr_postcode": null,
        "opening_hours": null,
        "phone": null,
        "website": null
      }
    },
    {
      "type": "Feature",
      "geometry": {
        "type": "Point",
        "coordinates": [
          -74.2060966,
          4.590252
        ]
      },
      "properties": {
        "osm_id": 1110329621,
        "osm_type": "way",
        "name": "D1",
        "brand": "D1",
        "operator": "D1",
        "addr_full": null,
        "addr_street": null,
        "addr_housenumber": null,
        "addr_city": null,
        "addr_state": null,
        "addr_postcode": null,
        "opening_hours": null,
        "phone": null,
        "website": null
      }
    },
    {
      "type": "Feature",
      "geometry": {
        "type": "Point",
        "coordinates": [
          -75.5949711,
          1.6035638
        ]
      },
      "properties": {
        "osm_id": 1120820648,
        "osm_type": "way",
        "name": "D1",
        "brand": "D1",
        "operator": null,
        "addr_full": null,
        "addr_street": null,
        "addr_housenumber": null,
        "addr_city": null,
        "addr_state": null,
        "addr_postcode": null,
        "opening_hours": null,
        "phone": null,
        "website": null
      }
    },
    {
      "type": "Feature",
      "geometry": {
        "type": "Point",
        "coordinates": [
          -72.4908391,
          7.8911854
        ]
      },
      "properties": {
        "osm_id": 1123528532,
        "osm_type": "way",
        "name": "D1",
        "brand": "D1",
        "operator": null,
        "addr_full": null,
        "addr_street": null,
        "addr_housenumber": null,
        "addr_city": null,
        "addr_state": null,
        "addr_postcode": null,
        "opening_hours": null,
        "phone": null,
        "website": null
      }
    },
    {
      "type": "Feature",
      "geometry": {
        "type": "Point",
        "coordinates": [
          -74.2282315,
          11.1963207
        ]
      },
      "properties": {
        "osm_id": 1149207205,
        "osm_type": "way",
        "name": "D1",
        "brand": "D1",
        "operator": null,
        "addr_full": null,
        "addr_street": null,
        "addr_housenumber": null,
        "addr_city": null,
        "addr_state": null,
        "addr_postcode": null,
        "opening_hours": null,
        "phone": null,
        "website": null
      }
    },
    {
      "type": "Feature",
      "geometry": {
        "type": "Point",
        "coordinates": [
          -75.7277234,
          4.7922419
        ]
      },
      "properties": {
        "osm_id": 1156717264,
        "osm_type": "way",
        "name": "Tiendas D1",
        "brand": null,
        "operator": null,
        "addr_full": null,
        "addr_street": null,
        "addr_housenumber": null,
        "addr_city": null,
        "addr_state": null,
        "addr_postcode": null,
        "opening_hours": null,
        "phone": null,
        "website": null
      }
    },
    {
      "type": "Feature",
      "geometry": {
        "type": "Point",
        "coordinates": [
          -76.1968567,
          4.0794219
        ]
      },
      "properties": {
        "osm_id": 1163516950,
        "osm_type": "way",
        "name": "Tiendas D1",
        "brand": null,
        "operator": null,
        "addr_full": null,
        "addr_street": null,
        "addr_housenumber": null,
        "addr_city": null,
        "addr_state": null,
        "addr_postcode": null,
        "opening_hours": null,
        "phone": null,
        "website": null
      }
    },
    {
      "type": "Feature",
      "geometry": {
        "type": "Point",
        "coordinates": [
          -73.9739521,
          9.0028291
        ]
      },
      "properties": {
        "osm_id": 1169205810,
        "osm_type": "way",
        "name": "D1",
        "brand": "D1",
        "operator": null,
        "addr_full": null,
        "addr_street": null,
        "addr_housenumber": null,
        "addr_city": null,
        "addr_state": null,
        "addr_postcode": null,
        "opening_hours": null,
        "phone": null,
        "website": null
      }
    },
    {
      "type": "Feature",
      "geometry": {
        "type": "Point",
        "coordinates": [
          -75.551307,
          10.4072964
        ]
      },
      "properties": {
        "osm_id": 1175331022,
        "osm_type": "way",
        "name": "Tiendas D1",
        "brand": null,
        "operator": null,
        "addr_full": null,
        "addr_street": null,
        "addr_housenumber": null,
        "addr_city": null,
        "addr_state": null,
        "addr_postcode": null,
        "opening_hours": null,
        "phone": null,
        "website": null
      }
    },
    {
      "type": "Feature",
      "geometry": {
        "type": "Point",
        "coordinates": [
          -74.0858961,
          4.6503147
        ]
      },
      "properties": {
        "osm_id": 1193792227,
        "osm_type": "way",
        "name": "D1",
        "brand": null,
        "operator": null,
        "addr_full": null,
        "addr_street": null,
        "addr_housenumber": null,
        "addr_city": null,
        "addr_state": null,
        "addr_postcode": null,
        "opening_hours": null,
        "phone": null,
        "website": null
      }
    },
    {
      "type": "Feature",
      "geometry": {
        "type": "Point",
        "coordinates": [
          -75.499757,
          10.3773508
        ]
      },
      "properties": {
        "osm_id": 1196645540,
        "osm_type": "way",
        "name": "Tiendas D1",
        "brand": null,
        "operator": "Tiendas D1",
        "addr_full": null,
        "addr_street": null,
        "addr_housenumber": null,
        "addr_city": null,
        "addr_state": null,
        "addr_postcode": null,
        "opening_hours": null,
        "phone": null,
        "website": null
      }
    },
    {
      "type": "Feature",
      "geometry": {
        "type": "Point",
        "coordinates": [
          -74.0976703,
          4.5715281
        ]
      },
      "properties": {
        "osm_id": 1198154705,
        "osm_type": "way",
        "name": "d1",
        "brand": null,
        "operator": null,
        "addr_full": null,
        "addr_street": null,
        "addr_housenumber": null,
        "addr_city": null,
        "addr_state": null,
        "addr_postcode": null,
        "opening_hours": null,
        "phone": null,
        "website": null
      }
    },
    {
      "type": "Feature",
      "geometry": {
        "type": "Point",
        "coordinates": [
          -75.4913881,
          10.3906689
        ]
      },
      "properties": {
        "osm_id": 1206710194,
        "osm_type": "way",
        "name": "Tiendas D1",
        "brand": null,
        "operator": "Tiendas D1",
        "addr_full": null,
        "addr_street": null,
        "addr_housenumber": null,
        "addr_city": null,
        "addr_state": null,
        "addr_postcode": null,
        "opening_hours": null,
        "phone": null,
        "website": null
      }
    },
    {
      "type": "Feature",
      "geometry": {
        "type": "Point",
        "coordinates": [
          -74.9153459,
          10.8053361
        ]
      },
      "properties": {
        "osm_id": 1210873790,
        "osm_type": "way",
        "name": "D1",
        "brand": "D1",
        "operator": null,
        "addr_full": null,
        "addr_street": null,
        "addr_housenumber": null,
        "addr_city": null,
        "addr_state": null,
        "addr_postcode": null,
        "opening_hours": null,
        "phone": null,
        "website": null
      }
    },
    {
      "type": "Feature",
      "geometry": {
        "type": "Point",
        "coordinates": [
          -74.9158831,
          10.7944427
        ]
      },
      "properties": {
        "osm_id": 1216292440,
        "osm_type": "way",
        "name": "D1",
        "brand": "D1",
        "operator": null,
        "addr_full": null,
        "addr_street": null,
        "addr_housenumber": null,
        "addr_city": null,
        "addr_state": null,
        "addr_postcode": null,
        "opening_hours": null,
        "phone": null,
        "website": null
      }
    },
    {
      "type": "Feature",
      "geometry": {
        "type": "Point",
        "coordinates": [
          -74.3582581,
          4.8231791
        ]
      },
      "properties": {
        "osm_id": 1220635187,
        "osm_type": "way",
        "name": "D1",
        "brand": "D1",
        "operator": "Supermercado",
        "addr_full": null,
        "addr_street": "Cl. 15 #8-125",
        "addr_housenumber": "Cl. 15",
        "addr_city": "Facatativa",
        "addr_state": null,
        "addr_postcode": null,
        "opening_hours": null,
        "phone": null,
        "website": null
      }
    },
    {
      "type": "Feature",
      "geometry": {
        "type": "Point",
        "coordinates": [
          -74.1857251,
          10.5227087
        ]
      },
      "properties": {
        "osm_id": 1221648421,
        "osm_type": "way",
        "name": "D1",
        "brand": "D1",
        "operator": null,
        "addr_full": null,
        "addr_street": null,
        "addr_housenumber": null,
        "addr_city": null,
        "addr_state": null,
        "addr_postcode": null,
        "opening_hours": null,
        "phone": null,
        "website": null
      }
    },
    {
      "type": "Feature",
      "geometry": {
        "type": "Point",
        "coordinates": [
          -74.1995175,
          10.5161944
        ]
      },
      "properties": {
        "osm_id": 1221650490,
        "osm_type": "way",
        "name": "D1",
        "brand": "D1",
        "operator": null,
        "addr_full": null,
        "addr_street": null,
        "addr_housenumber": null,
        "addr_city": null,
        "addr_state": null,
        "addr_postcode": null,
        "opening_hours": null,
        "phone": null,
        "website": null
      }
    },
    {
      "type": "Feature",
      "geometry": {
        "type": "Point",
        "coordinates": [
          -74.2140149,
          4.7043252
        ]
      },
      "properties": {
        "osm_id": 1224674354,
        "osm_type": "way",
        "name": "D1",
        "brand": "D1",
        "operator": "D1",
        "addr_full": null,
        "addr_street": null,
        "addr_housenumber": null,
        "addr_city": null,
        "addr_state": null,
        "addr_postcode": null,
        "opening_hours": null,
        "phone": null,
        "website": null
      }
    },
    {
      "type": "Feature",
      "geometry": {
        "type": "Point",
        "coordinates": [
          -73.9992367,
          5.0204113
        ]
      },
      "properties": {
        "osm_id": 1225793865,
        "osm_type": "way",
        "name": "D1",
        "brand": null,
        "operator": null,
        "addr_full": null,
        "addr_street": null,
        "addr_housenumber": null,
        "addr_city": null,
        "addr_state": null,
        "addr_postcode": null,
        "opening_hours": null,
        "phone": null,
        "website": null
      }
    },
    {
      "type": "Feature",
      "geometry": {
        "type": "Point",
        "coordinates": [
          -75.5563378,
          6.2835121
        ]
      },
      "properties": {
        "osm_id": 1229904713,
        "osm_type": "way",
        "name": "Tiendas D1",
        "brand": null,
        "operator": null,
        "addr_full": null,
        "addr_street": null,
        "addr_housenumber": null,
        "addr_city": null,
        "addr_state": null,
        "addr_postcode": null,
        "opening_hours": null,
        "phone": null,
        "website": null
      }
    },
    {
      "type": "Feature",
      "geometry": {
        "type": "Point",
        "coordinates": [
          -75.52996,
          5.0722584
        ]
      },
      "properties": {
        "osm_id": 1241486754,
        "osm_type": "way",
        "name": "D1",
        "brand": "D1",
        "operator": null,
        "addr_full": null,
        "addr_street": null,
        "addr_housenumber": null,
        "addr_city": null,
        "addr_state": null,
        "addr_postcode": null,
        "opening_hours": null,
        "phone": null,
        "website": null
      }
    },
    {
      "type": "Feature",
      "geometry": {
        "type": "Point",
        "coordinates": [
          -75.6659446,
          4.550814
        ]
      },
      "properties": {
        "osm_id": 1247668264,
        "osm_type": "way",
        "name": "D1",
        "brand": "D1",
        "operator": null,
        "addr_full": null,
        "addr_street": null,
        "addr_housenumber": null,
        "addr_city": null,
        "addr_state": null,
        "addr_postcode": null,
        "opening_hours": null,
        "phone": null,
        "website": null
      }
    },
    {
      "type": "Feature",
      "geometry": {
        "type": "Point",
        "coordinates": [
          -72.2851926,
          4.8162746
        ]
      },
      "properties": {
        "osm_id": 1252667872,
        "osm_type": "way",
        "name": "D1",
        "brand": null,
        "operator": null,
        "addr_full": null,
        "addr_street": null,
        "addr_housenumber": null,
        "addr_city": null,
        "addr_state": null,
        "addr_postcode": null,
        "opening_hours": null,
        "phone": null,
        "website": null
      }
    },
    {
      "type": "Feature",
      "geometry": {
        "type": "Point",
        "coordinates": [
          -74.0524611,
          4.6657739
        ]
      },
      "properties": {
        "osm_id": 1255667368,
        "osm_type": "way",
        "name": "D1",
        "brand": "D1",
        "operator": null,
        "addr_full": null,
        "addr_street": "Calle 84A",
        "addr_housenumber": "82-20",
        "addr_city": null,
        "addr_state": null,
        "addr_postcode": null,
        "opening_hours": "Mo-Su 07:00-20:00",
        "phone": null,
        "website": "https://d1.com.co/"
      }
    },
    {
      "type": "Feature",
      "geometry": {
        "type": "Point",
        "coordinates": [
          -74.3805103,
          4.7592976
        ]
      },
      "properties": {
        "osm_id": 1258044986,
        "osm_type": "way",
        "name": "D1",
        "brand": "D1",
        "operator": "Tiendas D1",
        "addr_full": null,
        "addr_street": null,
        "addr_housenumber": null,
        "addr_city": null,
        "addr_state": null,
        "addr_postcode": null,
        "opening_hours": null,
        "phone": null,
        "website": null
      }
    },
    {
      "type": "Feature",
      "geometry": {
        "type": "Point",
        "coordinates": [
          -73.6357254,
          4.8188198
        ]
      },
      "properties": {
        "osm_id": 1268005923,
        "osm_type": "way",
        "name": "D1",
        "brand": "D1",
        "operator": "D1",
        "addr_full": null,
        "addr_street": null,
        "addr_housenumber": null,
        "addr_city": null,
        "addr_state": null,
        "addr_postcode": null,
        "opening_hours": null,
        "phone": null,
        "website": null
      }
    },
    {
      "type": "Feature",
      "geometry": {
        "type": "Point",
        "coordinates": [
          -75.4985116,
          10.4082411
        ]
      },
      "properties": {
        "osm_id": 1272426527,
        "osm_type": "way",
        "name": "Tiendas D1",
        "brand": null,
        "operator": null,
        "addr_full": null,
        "addr_street": null,
        "addr_housenumber": null,
        "addr_city": null,
        "addr_state": null,
        "addr_postcode": null,
        "opening_hours": null,
        "phone": null,
        "website": null
      }
    },
    {
      "type": "Feature",
      "geometry": {
        "type": "Point",
        "coordinates": [
          -74.4051417,
          6.4899538
        ]
      },
      "properties": {
        "osm_id": 1272642051,
        "osm_type": "way",
        "name": "D1",
        "brand": "D1",
        "operator": null,
        "addr_full": null,
        "addr_street": null,
        "addr_housenumber": null,
        "addr_city": null,
        "addr_state": null,
        "addr_postcode": null,
        "opening_hours": null,
        "phone": null,
        "website": null
      }
    },
    {
      "type": "Feature",
      "geometry": {
        "type": "Point",
        "coordinates": [
          -75.6884834,
          4.8175642
        ]
      },
      "properties": {
        "osm_id": 1285006030,
        "osm_type": "way",
        "name": "D1",
        "brand": "D1",
        "operator": null,
        "addr_full": null,
        "addr_street": null,
        "addr_housenumber": null,
        "addr_city": null,
        "addr_state": null,
        "addr_postcode": null,
        "opening_hours": null,
        "phone": null,
        "website": null
      }
    },
    {
      "type": "Feature",
      "geometry": {
        "type": "Point",
        "coordinates": [
          -73.7118712,
          3.5509668
        ]
      },
      "properties": {
        "osm_id": 1286012894,
        "osm_type": "way",
        "name": "Tiendas D1",
        "brand": null,
        "operator": null,
        "addr_full": null,
        "addr_street": null,
        "addr_housenumber": null,
        "addr_city": null,
        "addr_state": null,
        "addr_postcode": null,
        "opening_hours": null,
        "phone": null,
        "website": null
      }
    },
    {
      "type": "Feature",
      "geometry": {
        "type": "Point",
        "coordinates": [
          -75.6931244,
          4.5223764
        ]
      },
      "properties": {
        "osm_id": 1290731122,
        "osm_type": "way",
        "name": "D1",
        "brand": "D1",
        "operator": null,
        "addr_full": null,
        "addr_street": null,
        "addr_housenumber": null,
        "addr_city": null,
        "addr_state": null,
        "addr_postcode": null,
        "opening_hours": null,
        "phone": null,
        "website": null
      }
    },
    {
      "type": "Feature",
      "geometry": {
        "type": "Point",
        "coordinates": [
          -75.1911613,
          4.4446752
        ]
      },
      "properties": {
        "osm_id": 1292954602,
        "osm_type": "way",
        "name": "D1",
        "brand": "D1",
        "operator": null,
        "addr_full": null,
        "addr_street": null,
        "addr_housenumber": null,
        "addr_city": null,
        "addr_state": null,
        "addr_postcode": null,
        "opening_hours": null,
        "phone": null,
        "website": null
      }
    },
    {
      "type": "Feature",
      "geometry": {
        "type": "Point",
        "coordinates": [
          -76.0376371,
          1.8548264
        ]
      },
      "properties": {
        "osm_id": 1300114716,
        "osm_type": "way",
        "name": "D1",
        "brand": "D1",
        "operator": null,
        "addr_full": null,
        "addr_street": "Avenida Calle 17",
        "addr_housenumber": "Carrera 1A",
        "addr_city": "Pitalito",
        "addr_state": null,
        "addr_postcode": null,
        "opening_hours": null,
        "phone": null,
        "website": null
      }
    },
    {
      "type": "Feature",
      "geometry": {
        "type": "Point",
        "coordinates": [
          -76.0667873,
          1.8450232
        ]
      },
      "properties": {
        "osm_id": 1300114717,
        "osm_type": "way",
        "name": "D1",
        "brand": "D1",
        "operator": null,
        "addr_full": null,
        "addr_street": "Calle 22 Sur",
        "addr_housenumber": "Carrera 2A",
        "addr_city": "Pitalito",
        "addr_state": null,
        "addr_postcode": null,
        "opening_hours": null,
        "phone": null,
        "website": null
      }
    },
    {
      "type": "Feature",
      "geometry": {
        "type": "Point",
        "coordinates": [
          -73.4796191,
          6.0572674
        ]
      },
      "properties": {
        "osm_id": 1312302342,
        "osm_type": "way",
        "name": "Tienda D1",
        "brand": null,
        "operator": null,
        "addr_full": null,
        "addr_street": null,
        "addr_housenumber": null,
        "addr_city": null,
        "addr_state": null,
        "addr_postcode": null,
        "opening_hours": "Mo-Su 08:00-20:00",
        "phone": null,
        "website": null
      }
    },
    {
      "type": "Feature",
      "geometry": {
        "type": "Point",
        "coordinates": [
          -74.2629884,
          4.8532645
        ]
      },
      "properties": {
        "osm_id": 1321714130,
        "osm_type": "way",
        "name": "tiendas D1",
        "brand": null,
        "operator": null,
        "addr_full": null,
        "addr_street": null,
        "addr_housenumber": null,
        "addr_city": null,
        "addr_state": null,
        "addr_postcode": null,
        "opening_hours": "8 am 9 pm",
        "phone": null,
        "website": null
      }
    },
    {
      "type": "Feature",
      "geometry": {
        "type": "Point",
        "coordinates": [
          -74.0832494,
          4.74858
        ]
      },
      "properties": {
        "osm_id": 1324695847,
        "osm_type": "way",
        "name": "D1",
        "brand": "D1",
        "operator": null,
        "addr_full": null,
        "addr_street": null,
        "addr_housenumber": null,
        "addr_city": null,
        "addr_state": null,
        "addr_postcode": null,
        "opening_hours": null,
        "phone": null,
        "website": null
      }
    },
    {
      "type": "Feature",
      "geometry": {
        "type": "Point",
        "coordinates": [
          -74.3350396,
          4.7969608
        ]
      },
      "properties": {
        "osm_id": 1328392938,
        "osm_type": "way",
        "name": "D1",
        "brand": "D1",
        "operator": "Tiendas D1",
        "addr_full": null,
        "addr_street": null,
        "addr_housenumber": null,
        "addr_city": null,
        "addr_state": null,
        "addr_postcode": null,
        "opening_hours": null,
        "phone": null,
        "website": null
      }
    },
    {
      "type": "Feature",
      "geometry": {
        "type": "Point",
        "coordinates": [
          -74.3517923,
          4.8088638
        ]
      },
      "properties": {
        "osm_id": 1328392941,
        "osm_type": "way",
        "name": "Tiendas D1 Calle 3",
        "brand": null,
        "operator": "Tiendas D1",
        "addr_full": null,
        "addr_street": null,
        "addr_housenumber": null,
        "addr_city": null,
        "addr_state": null,
        "addr_postcode": null,
        "opening_hours": null,
        "phone": null,
        "website": null
      }
    },
    {
      "type": "Feature",
      "geometry": {
        "type": "Point",
        "coordinates": [
          -74.0963615,
          4.5843353
        ]
      },
      "properties": {
        "osm_id": 1329211871,
        "osm_type": "way",
        "name": "D1",
        "brand": "D1",
        "operator": null,
        "addr_full": null,
        "addr_street": null,
        "addr_housenumber": null,
        "addr_city": null,
        "addr_state": null,
        "addr_postcode": null,
        "opening_hours": null,
        "phone": null,
        "website": null
      }
    },
    {
      "type": "Feature",
      "geometry": {
        "type": "Point",
        "coordinates": [
          -74.0914453,
          4.5805746
        ]
      },
      "properties": {
        "osm_id": 1329213177,
        "osm_type": "way",
        "name": "D1",
        "brand": "D1",
        "operator": null,
        "addr_full": null,
        "addr_street": null,
        "addr_housenumber": null,
        "addr_city": null,
        "addr_state": null,
        "addr_postcode": null,
        "opening_hours": null,
        "phone": null,
        "website": null
      }
    },
    {
      "type": "Feature",
      "geometry": {
        "type": "Point",
        "coordinates": [
          -75.6971712,
          4.5117222
        ]
      },
      "properties": {
        "osm_id": 1330518852,
        "osm_type": "way",
        "name": "D1",
        "brand": "D1",
        "operator": null,
        "addr_full": null,
        "addr_street": null,
        "addr_housenumber": null,
        "addr_city": null,
        "addr_state": null,
        "addr_postcode": null,
        "opening_hours": null,
        "phone": null,
        "website": null
      }
    },
    {
      "type": "Feature",
      "geometry": {
        "type": "Point",
        "coordinates": [
          -74.8198167,
          10.9980368
        ]
      },
      "properties": {
        "osm_id": 1331975781,
        "osm_type": "way",
        "name": "D1",
        "brand": "D1",
        "operator": null,
        "addr_full": null,
        "addr_street": "Carrera 43",
        "addr_housenumber": "84",
        "addr_city": "Barranquilla",
        "addr_state": null,
        "addr_postcode": null,
        "opening_hours": null,
        "phone": null,
        "website": null
      }
    },
    {
      "type": "Feature",
      "geometry": {
        "type": "Point",
        "coordinates": [
          -76.5590687,
          3.4120061
        ]
      },
      "properties": {
        "osm_id": 1333249355,
        "osm_type": "way",
        "name": "Tiendas D1",
        "brand": null,
        "operator": null,
        "addr_full": null,
        "addr_street": null,
        "addr_housenumber": null,
        "addr_city": null,
        "addr_state": null,
        "addr_postcode": null,
        "opening_hours": null,
        "phone": null,
        "website": null
      }
    },
    {
      "type": "Feature",
      "geometry": {
        "type": "Point",
        "coordinates": [
          -73.1037765,
          7.088633
        ]
      },
      "properties": {
        "osm_id": 1334238669,
        "osm_type": "way",
        "name": "D1",
        "brand": "D1",
        "operator": null,
        "addr_full": null,
        "addr_street": null,
        "addr_housenumber": null,
        "addr_city": null,
        "addr_state": null,
        "addr_postcode": null,
        "opening_hours": null,
        "phone": null,
        "website": null
      }
    },
    {
      "type": "Feature",
      "geometry": {
        "type": "Point",
        "coordinates": [
          -73.8761204,
          5.0694706
        ]
      },
      "properties": {
        "osm_id": 1339076489,
        "osm_type": "way",
        "name": "D1",
        "brand": "D1",
        "operator": null,
        "addr_full": null,
        "addr_street": "Carrera 6",
        "addr_housenumber": null,
        "addr_city": null,
        "addr_state": null,
        "addr_postcode": null,
        "opening_hours": null,
        "phone": null,
        "website": null
      }
    },
    {
      "type": "Feature",
      "geometry": {
        "type": "Point",
        "coordinates": [
          -74.3628905,
          4.342847
        ]
      },
      "properties": {
        "osm_id": 1342184220,
        "osm_type": "way",
        "name": "D1",
        "brand": "D1",
        "operator": "D1",
        "addr_full": null,
        "addr_street": "Calle 7B",
        "addr_housenumber": null,
        "addr_city": "Fusagasugá",
        "addr_state": null,
        "addr_postcode": null,
        "opening_hours": null,
        "phone": null,
        "website": null
      }
    },
    {
      "type": "Feature",
      "geometry": {
        "type": "Point",
        "coordinates": [
          -75.6414306,
          4.5278689
        ]
      },
      "properties": {
        "osm_id": 1343920014,
        "osm_type": "way",
        "name": "D1",
        "brand": "D1",
        "operator": null,
        "addr_full": null,
        "addr_street": null,
        "addr_housenumber": null,
        "addr_city": null,
        "addr_state": null,
        "addr_postcode": null,
        "opening_hours": null,
        "phone": null,
        "website": null
      }
    },
    {
      "type": "Feature",
      "geometry": {
        "type": "Point",
        "coordinates": [
          -73.8001779,
          5.1035061
        ]
      },
      "properties": {
        "osm_id": 1346185845,
        "osm_type": "way",
        "name": "D1",
        "brand": "D1",
        "operator": null,
        "addr_full": null,
        "addr_street": null,
        "addr_housenumber": null,
        "addr_city": null,
        "addr_state": null,
        "addr_postcode": null,
        "opening_hours": null,
        "phone": null,
        "website": null
      }
    },
    {
      "type": "Feature",
      "geometry": {
        "type": "Point",
        "coordinates": [
          -76.6281446,
          2.4501287
        ]
      },
      "properties": {
        "osm_id": 1353732561,
        "osm_type": "way",
        "name": "D1",
        "brand": "D1",
        "operator": null,
        "addr_full": null,
        "addr_street": null,
        "addr_housenumber": null,
        "addr_city": null,
        "addr_state": null,
        "addr_postcode": null,
        "opening_hours": null,
        "phone": null,
        "website": null
      }
    },
    {
      "type": "Feature",
      "geometry": {
        "type": "Point",
        "coordinates": [
          -76.4995546,
          3.4813172
        ]
      },
      "properties": {
        "osm_id": 1356998596,
        "osm_type": "way",
        "name": "D1",
        "brand": "D1",
        "operator": null,
        "addr_full": null,
        "addr_street": null,
        "addr_housenumber": null,
        "addr_city": null,
        "addr_state": null,
        "addr_postcode": null,
        "opening_hours": null,
        "phone": null,
        "website": null
      }
    },
    {
      "type": "Feature",
      "geometry": {
        "type": "Point",
        "coordinates": [
          -71.9998432,
          5.7301289
        ]
      },
      "properties": {
        "osm_id": 1358108502,
        "osm_type": "way",
        "name": "D1",
        "brand": null,
        "operator": null,
        "addr_full": null,
        "addr_street": null,
        "addr_housenumber": null,
        "addr_city": "Pore",
        "addr_state": null,
        "addr_postcode": null,
        "opening_hours": null,
        "phone": null,
        "website": null
      }
    },
    {
      "type": "Feature",
      "geometry": {
        "type": "Point",
        "coordinates": [
          -72.5512174,
          5.1703259
        ]
      },
      "properties": {
        "osm_id": 1359390162,
        "osm_type": "way",
        "name": "Tiendas D1",
        "brand": null,
        "operator": null,
        "addr_full": null,
        "addr_street": null,
        "addr_housenumber": null,
        "addr_city": null,
        "addr_state": null,
        "addr_postcode": null,
        "opening_hours": "Mo-Sa 08:00-20:00",
        "phone": null,
        "website": null
      }
    },
    {
      "type": "Feature",
      "geometry": {
        "type": "Point",
        "coordinates": [
          -75.8767078,
          8.7613733
        ]
      },
      "properties": {
        "osm_id": 1360724239,
        "osm_type": "way",
        "name": "D1",
        "brand": "D1",
        "operator": null,
        "addr_full": null,
        "addr_street": null,
        "addr_housenumber": null,
        "addr_city": null,
        "addr_state": null,
        "addr_postcode": null,
        "opening_hours": null,
        "phone": null,
        "website": null
      }
    },
    {
      "type": "Feature",
      "geometry": {
        "type": "Point",
        "coordinates": [
          -72.4132096,
          5.3093004
        ]
      },
      "properties": {
        "osm_id": 1362011799,
        "osm_type": "way",
        "name": "Tiendas D1",
        "brand": null,
        "operator": null,
        "addr_full": null,
        "addr_street": null,
        "addr_housenumber": null,
        "addr_city": null,
        "addr_state": null,
        "addr_postcode": null,
        "opening_hours": null,
        "phone": null,
        "website": null
      }
    },
    {
      "type": "Feature",
      "geometry": {
        "type": "Point",
        "coordinates": [
          -76.5409946,
          3.4421118
        ]
      },
      "properties": {
        "osm_id": 1362432769,
        "osm_type": "way",
        "name": "D1",
        "brand": "D1",
        "operator": null,
        "addr_full": null,
        "addr_street": null,
        "addr_housenumber": null,
        "addr_city": null,
        "addr_state": null,
        "addr_postcode": null,
        "opening_hours": "Mo-Su 08:00-21:00",
        "phone": null,
        "website": null
      }
    },
    {
      "type": "Feature",
      "geometry": {
        "type": "Point",
        "coordinates": [
          -73.1187049,
          7.1282646
        ]
      },
      "properties": {
        "osm_id": 1370366872,
        "osm_type": "way",
        "name": "D1",
        "brand": "D1",
        "operator": null,
        "addr_full": null,
        "addr_street": null,
        "addr_housenumber": null,
        "addr_city": null,
        "addr_state": null,
        "addr_postcode": null,
        "opening_hours": null,
        "phone": null,
        "website": null
      }
    },
    {
      "type": "Feature",
      "geometry": {
        "type": "Point",
        "coordinates": [
          -74.0580977,
          4.7528324
        ]
      },
      "properties": {
        "osm_id": 1374784774,
        "osm_type": "way",
        "name": "D1",
        "brand": "D1",
        "operator": null,
        "addr_full": null,
        "addr_street": null,
        "addr_housenumber": null,
        "addr_city": null,
        "addr_state": null,
        "addr_postcode": null,
        "opening_hours": null,
        "phone": null,
        "website": null
      }
    },
    {
      "type": "Feature",
      "geometry": {
        "type": "Point",
        "coordinates": [
          -74.261134,
          4.7340555
        ]
      },
      "properties": {
        "osm_id": 1375104434,
        "osm_type": "way",
        "name": "D1",
        "brand": "D1",
        "operator": null,
        "addr_full": null,
        "addr_street": "Carrera 6",
        "addr_housenumber": null,
        "addr_city": null,
        "addr_state": null,
        "addr_postcode": null,
        "opening_hours": null,
        "phone": null,
        "website": null
      }
    },
    {
      "type": "Feature",
      "geometry": {
        "type": "Point",
        "coordinates": [
          -75.6167772,
          6.1703059
        ]
      },
      "properties": {
        "osm_id": 1377052270,
        "osm_type": "way",
        "name": "D1",
        "brand": null,
        "operator": null,
        "addr_full": null,
        "addr_street": null,
        "addr_housenumber": null,
        "addr_city": null,
        "addr_state": null,
        "addr_postcode": null,
        "opening_hours": null,
        "phone": null,
        "website": null
      }
    },
    {
      "type": "Feature",
      "geometry": {
        "type": "Point",
        "coordinates": [
          -75.2568678,
          2.7786261
        ]
      },
      "properties": {
        "osm_id": 1381847135,
        "osm_type": "way",
        "name": "Tiendas D1",
        "brand": null,
        "operator": "Koba International Group",
        "addr_full": null,
        "addr_street": null,
        "addr_housenumber": null,
        "addr_city": null,
        "addr_state": null,
        "addr_postcode": null,
        "opening_hours": null,
        "phone": null,
        "website": null
      }
    },
    {
      "type": "Feature",
      "geometry": {
        "type": "Point",
        "coordinates": [
          -75.4570419,
          10.3996735
        ]
      },
      "properties": {
        "osm_id": 1383897735,
        "osm_type": "way",
        "name": "D1",
        "brand": "D1",
        "operator": null,
        "addr_full": null,
        "addr_street": null,
        "addr_housenumber": null,
        "addr_city": null,
        "addr_state": null,
        "addr_postcode": null,
        "opening_hours": null,
        "phone": null,
        "website": null
      }
    },
    {
      "type": "Feature",
      "geometry": {
        "type": "Point",
        "coordinates": [
          -74.0513747,
          4.6985044
        ]
      },
      "properties": {
        "osm_id": 1390231169,
        "osm_type": "way",
        "name": "D1",
        "brand": "D1",
        "operator": null,
        "addr_full": null,
        "addr_street": null,
        "addr_housenumber": null,
        "addr_city": null,
        "addr_state": null,
        "addr_postcode": null,
        "opening_hours": null,
        "phone": null,
        "website": null
      }
    },
    {
      "type": "Feature",
      "geometry": {
        "type": "Point",
        "coordinates": [
          -74.2087936,
          4.6282494
        ]
      },
      "properties": {
        "osm_id": 1390817695,
        "osm_type": "way",
        "name": "D1",
        "brand": "D1",
        "operator": null,
        "addr_full": null,
        "addr_street": null,
        "addr_housenumber": null,
        "addr_city": null,
        "addr_state": null,
        "addr_postcode": null,
        "opening_hours": null,
        "phone": null,
        "website": null
      }
    },
    {
      "type": "Feature",
      "geometry": {
        "type": "Point",
        "coordinates": [
          -73.122212,
          7.0871775
        ]
      },
      "properties": {
        "osm_id": 1396635566,
        "osm_type": "way",
        "name": "D1",
        "brand": "D1",
        "operator": null,
        "addr_full": null,
        "addr_street": null,
        "addr_housenumber": null,
        "addr_city": null,
        "addr_state": null,
        "addr_postcode": null,
        "opening_hours": null,
        "phone": null,
        "website": null
      }
    },
    {
      "type": "Feature",
      "geometry": {
        "type": "Point",
        "coordinates": [
          -74.1751301,
          4.5960777
        ]
      },
      "properties": {
        "osm_id": 1410080569,
        "osm_type": "way",
        "name": "D1",
        "brand": "D1",
        "operator": null,
        "addr_full": null,
        "addr_street": null,
        "addr_housenumber": null,
        "addr_city": null,
        "addr_state": null,
        "addr_postcode": null,
        "opening_hours": null,
        "phone": null,
        "website": null
      }
    },
    {
      "type": "Feature",
      "geometry": {
        "type": "Point",
        "coordinates": [
          -75.6152754,
          1.6168348
        ]
      },
      "properties": {
        "osm_id": 1410471184,
        "osm_type": "way",
        "name": "D1",
        "brand": "D1",
        "operator": null,
        "addr_full": null,
        "addr_street": null,
        "addr_housenumber": null,
        "addr_city": null,
        "addr_state": null,
        "addr_postcode": null,
        "opening_hours": null,
        "phone": null,
        "website": null
      }
    },
    {
      "type": "Feature",
      "geometry": {
        "type": "Point",
        "coordinates": [
          -75.6091246,
          1.6211164
        ]
      },
      "properties": {
        "osm_id": 1410471185,
        "osm_type": "way",
        "name": "D1",
        "brand": "D1",
        "operator": null,
        "addr_full": null,
        "addr_street": null,
        "addr_housenumber": null,
        "addr_city": null,
        "addr_state": null,
        "addr_postcode": null,
        "opening_hours": null,
        "phone": null,
        "website": null
      }
    },
    {
      "type": "Feature",
      "geometry": {
        "type": "Point",
        "coordinates": [
          -75.5965356,
          1.6232667
        ]
      },
      "properties": {
        "osm_id": 1410471187,
        "osm_type": "way",
        "name": "D1",
        "brand": "D1",
        "operator": null,
        "addr_full": null,
        "addr_street": null,
        "addr_housenumber": null,
        "addr_city": null,
        "addr_state": null,
        "addr_postcode": null,
        "opening_hours": null,
        "phone": null,
        "website": null
      }
    },
    {
      "type": "Feature",
      "geometry": {
        "type": "Point",
        "coordinates": [
          -75.6038606,
          1.6084804
        ]
      },
      "properties": {
        "osm_id": 1410471189,
        "osm_type": "way",
        "name": "D1",
        "brand": "D1",
        "operator": null,
        "addr_full": null,
        "addr_street": null,
        "addr_housenumber": null,
        "addr_city": null,
        "addr_state": null,
        "addr_postcode": null,
        "opening_hours": null,
        "phone": null,
        "website": null
      }
    },
    {
      "type": "Feature",
      "geometry": {
        "type": "Point",
        "coordinates": [
          -75.630894,
          1.6180187
        ]
      },
      "properties": {
        "osm_id": 1410471194,
        "osm_type": "way",
        "name": "D1",
        "brand": "D1",
        "operator": null,
        "addr_full": null,
        "addr_street": null,
        "addr_housenumber": null,
        "addr_city": null,
        "addr_state": null,
        "addr_postcode": null,
        "opening_hours": null,
        "phone": null,
        "website": null
      }
    },
    {
      "type": "Feature",
      "geometry": {
        "type": "Point",
        "coordinates": [
          -74.2130122,
          4.5715874
        ]
      },
      "properties": {
        "osm_id": 1410719147,
        "osm_type": "way",
        "name": "D1",
        "brand": null,
        "operator": null,
        "addr_full": null,
        "addr_street": null,
        "addr_housenumber": null,
        "addr_city": null,
        "addr_state": null,
        "addr_postcode": null,
        "opening_hours": null,
        "phone": null,
        "website": null
      }
    },
    {
      "type": "Feature",
      "geometry": {
        "type": "Point",
        "coordinates": [
          -74.2142794,
          4.5735598
        ]
      },
      "properties": {
        "osm_id": 1410729205,
        "osm_type": "way",
        "name": "D1",
        "brand": "D1",
        "operator": null,
        "addr_full": null,
        "addr_street": null,
        "addr_housenumber": null,
        "addr_city": null,
        "addr_state": null,
        "addr_postcode": null,
        "opening_hours": null,
        "phone": null,
        "website": null
      }
    },
    {
      "type": "Feature",
      "geometry": {
        "type": "Point",
        "coordinates": [
          -74.1995385,
          4.5801802
        ]
      },
      "properties": {
        "osm_id": 1411597666,
        "osm_type": "way",
        "name": "D1",
        "brand": "D1",
        "operator": null,
        "addr_full": null,
        "addr_street": null,
        "addr_housenumber": null,
        "addr_city": null,
        "addr_state": null,
        "addr_postcode": null,
        "opening_hours": null,
        "phone": null,
        "website": null
      }
    },
    {
      "type": "Feature",
      "geometry": {
        "type": "Point",
        "coordinates": [
          -74.1896314,
          4.5878447
        ]
      },
      "properties": {
        "osm_id": 1412812256,
        "osm_type": "way",
        "name": "D1",
        "brand": "D1",
        "operator": null,
        "addr_full": null,
        "addr_street": null,
        "addr_housenumber": null,
        "addr_city": null,
        "addr_state": null,
        "addr_postcode": null,
        "opening_hours": null,
        "phone": null,
        "website": null
      }
    },
    {
      "type": "Feature",
      "geometry": {
        "type": "Point",
        "coordinates": [
          -74.1083431,
          4.5781085
        ]
      },
      "properties": {
        "osm_id": 1418722766,
        "osm_type": "way",
        "name": "D1",
        "brand": "D1",
        "operator": null,
        "addr_full": null,
        "addr_street": null,
        "addr_housenumber": null,
        "addr_city": null,
        "addr_state": null,
        "addr_postcode": null,
        "opening_hours": null,
        "phone": null,
        "website": null
      }
    },
    {
      "type": "Feature",
      "geometry": {
        "type": "Point",
        "coordinates": [
          -75.3342162,
          6.0807487
        ]
      },
      "properties": {
        "osm_id": 1419230417,
        "osm_type": "way",
        "name": "D1",
        "brand": "D1",
        "operator": null,
        "addr_full": null,
        "addr_street": null,
        "addr_housenumber": null,
        "addr_city": null,
        "addr_state": null,
        "addr_postcode": null,
        "opening_hours": null,
        "phone": null,
        "website": null
      }
    },
    {
      "type": "Feature",
      "geometry": {
        "type": "Point",
        "coordinates": [
          -73.1461917,
          7.0632774
        ]
      },
      "properties": {
        "osm_id": 1421058736,
        "osm_type": "way",
        "name": "D1",
        "brand": "D1",
        "operator": null,
        "addr_full": null,
        "addr_street": null,
        "addr_housenumber": null,
        "addr_city": null,
        "addr_state": null,
        "addr_postcode": null,
        "opening_hours": null,
        "phone": null,
        "website": null
      }
    },
    {
      "type": "Feature",
      "geometry": {
        "type": "Point",
        "coordinates": [
          -73.1061742,
          7.1020363
        ]
      },
      "properties": {
        "osm_id": 1422178389,
        "osm_type": "way",
        "name": "D1",
        "brand": "D1",
        "operator": null,
        "addr_full": null,
        "addr_street": null,
        "addr_housenumber": null,
        "addr_city": null,
        "addr_state": null,
        "addr_postcode": null,
        "opening_hours": null,
        "phone": null,
        "website": null
      }
    },
    {
      "type": "Feature",
      "geometry": {
        "type": "Point",
        "coordinates": [
          -73.1248654,
          7.1336793
        ]
      },
      "properties": {
        "osm_id": 1422593500,
        "osm_type": "way",
        "name": "D1",
        "brand": "D1",
        "operator": null,
        "addr_full": null,
        "addr_street": null,
        "addr_housenumber": null,
        "addr_city": null,
        "addr_state": null,
        "addr_postcode": null,
        "opening_hours": null,
        "phone": null,
        "website": null
      }
    },
    {
      "type": "Feature",
      "geometry": {
        "type": "Point",
        "coordinates": [
          -73.5109978,
          6.6990627
        ]
      },
      "properties": {
        "osm_id": 1425072049,
        "osm_type": "way",
        "name": "D1",
        "brand": "D1",
        "operator": null,
        "addr_full": null,
        "addr_street": null,
        "addr_housenumber": null,
        "addr_city": null,
        "addr_state": null,
        "addr_postcode": null,
        "opening_hours": null,
        "phone": null,
        "website": null
      }
    },
    {
      "type": "Feature",
      "geometry": {
        "type": "Point",
        "coordinates": [
          -75.5708096,
          6.3362685
        ]
      },
      "properties": {
        "osm_id": 1427600671,
        "osm_type": "way",
        "name": "D1",
        "brand": "D1",
        "operator": null,
        "addr_full": null,
        "addr_street": null,
        "addr_housenumber": null,
        "addr_city": null,
        "addr_state": null,
        "addr_postcode": null,
        "opening_hours": "Mo-Su,PH 08:00-21:00",
        "phone": null,
        "website": null
      }
    },
    {
      "type": "Feature",
      "geometry": {
        "type": "Point",
        "coordinates": [
          -74.1467972,
          4.6016094
        ]
      },
      "properties": {
        "osm_id": 1429369752,
        "osm_type": "way",
        "name": "D1",
        "brand": "D1",
        "operator": null,
        "addr_full": null,
        "addr_street": "Transversal 72D",
        "addr_housenumber": null,
        "addr_city": "Bogotá",
        "addr_state": null,
        "addr_postcode": null,
        "opening_hours": null,
        "phone": null,
        "website": null
      }
    },
    {
      "type": "Feature",
      "geometry": {
        "type": "Point",
        "coordinates": [
          -75.6283604,
          6.2679122
        ]
      },
      "properties": {
        "osm_id": 19231854,
        "osm_type": "relation",
        "name": "Tienda D1",
        "brand": null,
        "operator": null,
        "addr_full": null,
        "addr_street": null,
        "addr_housenumber": null,
        "addr_city": null,
        "addr_state": null,
        "addr_postcode": null,
        "opening_hours": null,
        "phone": null,
        "website": null
      }
    }
  ]
}